quote_date,split,settlement_class,experiment,model_id,observations,price_rmse,price_mae,spread_normalized_rmse,inside_bid_ask_rate,runtime_seconds,released_optimizer_id,released_objective,released_feller_treatment,multistarts,seed,resumed_checkpoint,checkpoint,calibration_runtime_seconds,converged,optimizer_message,objective_value,scope,VIXCLS,vix_regime
2022-07-01,DEV,PM,cross_sectional,M10_HESTON,30,2.535703048307017,1.905486072052642,9.78596185587457,0.23333333333333334,118.42927549999877,O01,C04,unconstrained,5.0,20262928.0,False,artifacts\checkpoints\empirical_real_calibrations\4a137cf6bb3b83f3\c18e96d6271643ff1bef3adb3457ad1037217d8c9008a6bf11f96a2195d14a5d.json,118.42927549999877,True,CONVERGENCE: RELATIVE REDUCTION OF F <= FACTR*EPSMCH,9.135159034436422,,26.7,MEDIUM
2022-07-01,DEV,PM,cross_sectional,M00_BS_FLAT,30,23.362245396665227,14.985087895316545,20.74383219004264,0.03333333333333333,,,,,,,,,,,,,,26.7,MEDIUM
2022-07-01,DEV,PM,cross_sectional_reference,M01_MARKET_IV_REFERENCE,30,0.5161837693194558,0.2794489215780041,0.1911911592485831,1.0,,,,,,,,,,,,,"same-quote supplied implied volatility; diagnostic reference, not a fit claim",26.7,MEDIUM
2022-07-01,DEV,PM,cross_sectional,M02_SVI,30,1.3917558017724307,0.9854323407014791,3.1350188394076755,0.36666666666666664,,,,,,,,,,,,,,26.7,MEDIUM
2022-07-01,DEV,PM,cross_sectional,M03_SSVI,30,6.160148235773093,4.363548414588981,14.16181816180923,0.03333333333333333,,,,,,,,,,,,,,26.7,MEDIUM
2022-07-01,DEV,PM,cross_sectional_challenger,M21_BATES_SENSITIVITY,30,6.304282384713169,4.535859853101834,11.13993293438426,0.06666666666666667,,,,,,,,,,,,,fixed predeclared jump sensitivity; Heston variance parameters from same-date calibration,26.7,MEDIUM
2022-07-01,DEV,PM,cross_sectional_challenger,M20_LOCALVOL_MC,6,5.56732113519613,4.631857240044281,12.340542710396193,0.0,,,,,,,,,,,,,bounded six-contract Monte Carlo check on fitted SSVI Dupire surface,26.7,MEDIUM
2022-07-01,DEV,PM,wing_holdout,M10_HESTON,10,21.342181200176274,15.823986055577564,13.717693877051468,0.0,,,,,,,,,,,,,,26.7,MEDIUM
2022-07-01,DEV,PM,maturity_holdout,M10_HESTON,10,10.361240306660951,8.988696581104403,20.455722684592946,0.0,,,,,,,,,,,,,,26.7,MEDIUM
2022-07-01,DEV,AM,cross_sectional,M10_HESTON,30,2.3985754359153204,1.8324431832207289,4.008367699326389,0.2,123.99087910000526,O01,C04,unconstrained,5.0,20262927.0,False,artifacts\checkpoints\empirical_real_calibrations\4a137cf6bb3b83f3\a139e0d3aaeed5cd36d34c42399f56ff62920c962d841c1b7c3f04bede13e722.json,123.99087910000526,True,CONVERGENCE: RELATIVE REDUCTION OF F <= FACTR*EPSMCH,3.1494939800928834,,26.7,MEDIUM
2022-07-01,DEV,AM,cross_sectional,M00_BS_FLAT,30,33.40908689171246,24.80951618610867,25.97345439993988,0.0,,,,,,,,,,,,,,26.7,MEDIUM
2022-07-01,DEV,AM,cross_sectional_reference,M01_MARKET_IV_REFERENCE,30,0.9771009833678722,0.6644620686558734,1.9849036839057868,0.6,,,,,,,,,,,,,"same-quote supplied implied volatility; diagnostic reference, not a fit claim",26.7,MEDIUM
2022-07-01,DEV,AM,cross_sectional,M02_SVI,30,1.1837572908448468,0.8956752554861537,2.2229464034631734,0.43333333333333335,,,,,,,,,,,,,,26.7,MEDIUM
2022-07-01,DEV,AM,cross_sectional,M03_SSVI,30,4.32589400318667,3.066138684774907,4.782201172077712,0.13333333333333333,,,,,,,,,,,,,,26.7,MEDIUM
2022-07-01,DEV,AM,cross_sectional_challenger,M21_BATES_SENSITIVITY,30,9.237734477478925,7.015591936532315,5.92602965246855,0.0,,,,,,,,,,,,,fixed predeclared jump sensitivity; Heston variance parameters from same-date calibration,26.7,MEDIUM
2022-07-01,DEV,AM,cross_sectional_challenger,M20_LOCALVOL_MC,6,4.599109071795637,3.5722612346722538,5.16540082881314,0.16666666666666666,,,,,,,,,,,,,bounded six-contract Monte Carlo check on fitted SSVI Dupire surface,26.7,MEDIUM
2022-07-01,DEV,AM,wing_holdout,M10_HESTON,15,7.972249885314928,5.818999068694729,9.270484881582778,0.06666666666666667,,,,,,,,,,,,,,26.7,MEDIUM
2022-07-01,DEV,AM,maturity_holdout,M10_HESTON,10,9.922867938087588,7.733582484232237,7.362311605576482,0.2,,,,,,,,,,,,,,26.7,MEDIUM
2022-08-25,DEV,PM,cross_sectional,M10_HESTON,30,1.135926805576216,0.8565630090270114,4.7453595169641085,0.16666666666666666,96.4456149999969,O01,C04,unconstrained,5.0,20262967.0,False,artifacts\checkpoints\empirical_real_calibrations\4a137cf6bb3b83f3\a0ce4c9e81b8a5dea3636484ae3747793de37f0f993aaca959deaf580bc87252.json,96.4456149999969,True,CONVERGENCE: RELATIVE REDUCTION OF F <= FACTR*EPSMCH,3.691930961699123,,21.78,MEDIUM
2022-08-25,DEV,PM,cross_sectional,M00_BS_FLAT,30,22.197739396820186,15.059841522893548,34.92023889641076,0.0,,,,,,,,,,,,,,21.78,MEDIUM
2022-08-25,DEV,PM,cross_sectional_reference,M01_MARKET_IV_REFERENCE,30,0.23494130831068608,0.11221045639742572,0.17529133328567287,1.0,,,,,,,,,,,,,"same-quote supplied implied volatility; diagnostic reference, not a fit claim",21.78,MEDIUM
2022-08-25,DEV,PM,cross_sectional,M02_SVI,30,0.8993397663989308,0.583074875520545,1.9040237854137423,0.43333333333333335,,,,,,,,,,,,,,21.78,MEDIUM
2022-08-25,DEV,PM,cross_sectional,M03_SSVI,30,2.751200708554907,2.0969103268465394,10.72362095765917,0.1,,,,,,,,,,,,,,21.78,MEDIUM
2022-08-25,DEV,PM,cross_sectional_challenger,M21_BATES_SENSITIVITY,30,4.797403278475212,3.0477227618071554,6.944674873703881,0.13333333333333333,,,,,,,,,,,,,fixed predeclared jump sensitivity; Heston variance parameters from same-date calibration,21.78,MEDIUM
2022-08-25,DEV,PM,cross_sectional_challenger,M20_LOCALVOL_MC,6,1.0072427614604487,0.7946102478786773,4.880424093274914,0.16666666666666666,,,,,,,,,,,,,bounded six-contract Monte Carlo check on fitted SSVI Dupire surface,21.78,MEDIUM
2022-08-25,DEV,PM,wing_holdout,M10_HESTON,13,3.6450033009182365,2.5423303680797673,8.726786927437196,0.15384615384615385,,,,,,,,,,,,,,21.78,MEDIUM
2022-08-25,DEV,PM,maturity_holdout,M10_HESTON,10,1.604435190379693,1.3770748883259316,8.178738091811962,0.0,,,,,,,,,,,,,,21.78,MEDIUM
2022-08-25,DEV,AM,cross_sectional,M10_HESTON,30,6.091311144295805,3.5728289587712476,6.428809982620871,0.1,95.46615430000384,O01,C04,unconstrained,5.0,20262966.0,False,artifacts\checkpoints\empirical_real_calibrations\4a137cf6bb3b83f3\bac63c33eb12a096580eeb1b0739957e3e2e39cd3e22209331a8c0730926efcb.json,95.46615430000384,True,CONVERGENCE: RELATIVE REDUCTION OF F <= FACTR*EPSMCH,5.927895101907042,,21.78,MEDIUM
2022-08-25,DEV,AM,cross_sectional,M00_BS_FLAT,30,37.31085590148271,29.416333233353654,52.47702558650018,0.0,,,,,,,,,,,,,,21.78,MEDIUM
2022-08-25,DEV,AM,cross_sectional_reference,M01_MARKET_IV_REFERENCE,30,0.6979368023496529,0.4881490180835611,2.1279671457220886,0.6,,,,,,,,,,,,,"same-quote supplied implied volatility; diagnostic reference, not a fit claim",21.78,MEDIUM
2022-08-25,DEV,AM,cross_sectional,M02_SVI,30,1.10920342052346,0.8063366454010785,2.6305204798512545,0.36666666666666664,,,,,,,,,,,,,,21.78,MEDIUM
2022-08-25,DEV,AM,cross_sectional,M03_SSVI,30,5.894341505170596,4.414351310233899,8.604470374066207,0.1,,,,,,,,,,,,,,21.78,MEDIUM
2022-08-25,DEV,AM,cross_sectional_challenger,M21_BATES_SENSITIVITY,30,12.676259886906921,7.797576209222518,11.12344918454617,0.0,,,,,,,,,,,,,fixed predeclared jump sensitivity; Heston variance parameters from same-date calibration,21.78,MEDIUM
2022-08-25,DEV,AM,cross_sectional_challenger,M20_LOCALVOL_MC,6,10.281878980858933,7.492000836119218,21.89196148111321,0.16666666666666666,,,,,,,,,,,,,bounded six-contract Monte Carlo check on fitted SSVI Dupire surface,21.78,MEDIUM
2022-08-25,DEV,AM,wing_holdout,M10_HESTON,17,8.029071438975402,5.874286476415961,10.303751732626603,0.0,,,,,,,,,,,,,,21.78,MEDIUM
2022-08-25,DEV,AM,maturity_holdout,M10_HESTON,10,9.922505275136894,7.015980058225807,9.858475827046426,0.0,,,,,,,,,,,,,,21.78,MEDIUM
2022-10-18,DEV,PM,cross_sectional,M10_HESTON,30,1.6074743547212254,1.3214125109565626,3.773303416558,0.26666666666666666,65.79857700000139,O01,C04,unconstrained,5.0,20263005.0,False,artifacts\checkpoints\empirical_real_calibrations\4a137cf6bb3b83f3\3418fdaed88995d1a907d67b508cbc0d6a41e560b13618dcbc13dc06e3d8a797.json,65.79857700000139,True,CONVERGENCE: RELATIVE REDUCTION OF F <= FACTR*EPSMCH,3.0993149491132126,,30.5,HIGH
2022-10-18,DEV,PM,cross_sectional,M00_BS_FLAT,30,26.55390740989804,14.866099289269124,11.729489459549168,0.0,,,,,,,,,,,,,,30.5,HIGH
2022-10-18,DEV,PM,cross_sectional_reference,M01_MARKET_IV_REFERENCE,30,0.4097965595972332,0.222463353826202,0.12376283486981277,1.0,,,,,,,,,,,,,"same-quote supplied implied volatility; diagnostic reference, not a fit claim",30.5,HIGH
2022-10-18,DEV,PM,cross_sectional,M02_SVI,30,0.8749050400772791,0.6120188924141647,0.7887135640820109,0.6,,,,,,,,,,,,,,30.5,HIGH
2022-10-18,DEV,PM,cross_sectional,M03_SSVI,30,2.9182801743758575,2.3346590563935337,5.653479705562828,0.16666666666666666,,,,,,,,,,,,,,30.5,HIGH
2022-10-18,DEV,PM,cross_sectional_challenger,M21_BATES_SENSITIVITY,30,5.684145494627669,4.001306497638361,4.57950708791226,0.03333333333333333,,,,,,,,,,,,,fixed predeclared jump sensitivity; Heston variance parameters from same-date calibration,30.5,HIGH
2022-10-18,DEV,PM,cross_sectional_challenger,M20_LOCALVOL_MC,6,3.6156239578506995,3.0043171416751213,4.443727969517923,0.16666666666666666,,,,,,,,,,,,,bounded six-contract Monte Carlo check on fitted SSVI Dupire surface,30.5,HIGH
2022-10-18,DEV,PM,wing_holdout,M10_HESTON,10,7.794318908491682,5.099151500873374,6.273754182091771,0.0,,,,,,,,,,,,,,30.5,HIGH
2022-10-18,DEV,PM,maturity_holdout,M10_HESTON,10,5.349738935536593,4.964634897323405,7.415079091668415,0.0,,,,,,,,,,,,,,30.5,HIGH
2022-10-18,DEV,AM,cross_sectional,M10_HESTON,30,1.8989628839399486,1.546426204239451,3.8587343730487116,0.26666666666666666,54.3287851999994,O01,C04,unconstrained,5.0,20263004.0,False,artifacts\checkpoints\empirical_real_calibrations\4a137cf6bb3b83f3\208b65123215d92d1e92f5b44e3bf55a80b09378c5e782124fc85b88e0dfd758.json,54.3287851999994,True,CONVERGENCE: RELATIVE REDUCTION OF F <= FACTR*EPSMCH,2.8084691716380417,,30.5,HIGH
2022-10-18,DEV,AM,cross_sectional,M00_BS_FLAT,30,31.11225751054138,24.25309902627036,27.89065394062717,0.0,,,,,,,,,,,,,,30.5,HIGH
2022-10-18,DEV,AM,cross_sectional_reference,M01_MARKET_IV_REFERENCE,30,0.6938606949551568,0.4481674546001265,1.4440772241342748,0.6666666666666666,,,,,,,,,,,,,"same-quote supplied implied volatility; diagnostic reference, not a fit claim",30.5,HIGH
2022-10-18,DEV,AM,cross_sectional,M02_SVI,30,1.381384569320087,1.057207007286689,3.104163447166626,0.36666666666666664,,,,,,,,,,,,,,30.5,HIGH
2022-10-18,DEV,AM,cross_sectional,M03_SSVI,30,3.1006332858863366,2.1751766047167456,7.788875583472546,0.26666666666666666,,,,,,,,,,,,,,30.5,HIGH
2022-10-18,DEV,AM,cross_sectional_challenger,M21_BATES_SENSITIVITY,30,7.393104871392307,5.657653985290398,5.104722972316366,0.0,,,,,,,,,,,,,fixed predeclared jump sensitivity; Heston variance parameters from same-date calibration,30.5,HIGH
2022-10-18,DEV,AM,cross_sectional_challenger,M20_LOCALVOL_MC,6,6.874688113052181,5.552908956834649,12.432436120259027,0.0,,,,,,,,,,,,,bounded six-contract Monte Carlo check on fitted SSVI Dupire surface,30.5,HIGH
2022-10-18,DEV,AM,wing_holdout,M10_HESTON,19,7.06625578286502,5.359340871869526,9.651816462432292,0.0,,,,,,,,,,,,,,30.5,HIGH
2022-10-18,DEV,AM,maturity_holdout,M10_HESTON,10,2.834449416185892,2.254004491133999,2.8034545709085306,0.2,,,,,,,,,,,,,,30.5,HIGH
2022-07-05,DEV,PM,cross_sectional,M10_HESTON,12,0.6339486154797342,0.489771023242249,2.005949853231612,0.5,64.55785119999928,O01,C04,unconstrained,5.0,20262929.0,False,artifacts\checkpoints\empirical_real_calibrations\4a137cf6bb3b83f3\a83e5dd3c15cdb20cea5ac64bb9c538a776437b400f85ccb33c7ece99302a1d0.json,64.55785119999928,True,CONVERGENCE: RELATIVE REDUCTION OF F <= FACTR*EPSMCH,1.105208758286692,,27.54,MEDIUM
2022-07-05,DEV,PM,cross_sectional,M00_BS_FLAT,12,29.813966380263842,20.14889706585059,18.795264072219293,0.0,,,,,,,,,,,,,,27.54,MEDIUM
2022-07-05,DEV,PM,cross_sectional_reference,M01_MARKET_IV_REFERENCE,12,0.6541858057346501,0.4037513035328228,0.26107558611239234,0.9166666666666666,,,,,,,,,,,,,"same-quote supplied implied volatility; diagnostic reference, not a fit claim",27.54,MEDIUM
2022-07-05,DEV,PM,cross_sectional,M02_SVI,12,0.9864186046206423,0.6435654530657745,1.2196105502456238,0.4166666666666667,,,,,,,,,,,,,,27.54,MEDIUM
2022-07-05,DEV,PM,cross_sectional,M03_SSVI,12,3.5145758415124533,2.5738857810663744,6.350221732947561,0.08333333333333333,,,,,,,,,,,,,,27.54,MEDIUM
2022-07-06,DEV,PM,cross_sectional,M10_HESTON,12,0.6097099499984466,0.45643121541775455,1.8017247502946292,0.6666666666666666,56.21340960000089,O01,C04,unconstrained,5.0,20262930.0,False,artifacts\checkpoints\empirical_real_calibrations\4a137cf6bb3b83f3\c0d71921fa1c264a35487b6b6bc27737c1df12811ac5e9cba4d0da21055a3045.json,56.21340960000089,True,CONVERGENCE: RELATIVE REDUCTION OF F <= FACTR*EPSMCH,0.9343497140147058,,26.73,MEDIUM
2022-07-06,DEV,PM,cross_sectional,M00_BS_FLAT,12,34.385233865704954,21.90360110802607,17.88726816538084,0.0,,,,,,,,,,,,,,26.73,MEDIUM
2022-07-06,DEV,PM,cross_sectional_reference,M01_MARKET_IV_REFERENCE,12,0.6487808700626764,0.397829588338735,0.23817096266930737,0.9166666666666666,,,,,,,,,,,,,"same-quote supplied implied volatility; diagnostic reference, not a fit claim",26.73,MEDIUM
2022-07-06,DEV,PM,cross_sectional,M02_SVI,12,0.8284103371287568,0.5087642897347734,0.8996788267830211,0.4166666666666667,,,,,,,,,,,,,,26.73,MEDIUM
2022-07-06,DEV,PM,cross_sectional,M03_SSVI,12,3.3329384314360686,2.320209044764283,5.085360691187863,0.08333333333333333,,,,,,,,,,,,,,26.73,MEDIUM
2022-07-07,DEV,PM,cross_sectional,M10_HESTON,12,0.6103499945565937,0.5237562223543686,2.6029305180570423,0.4166666666666667,39.68414749999647,O01,C04,unconstrained,5.0,20262931.0,False,artifacts\checkpoints\empirical_real_calibrations\4a137cf6bb3b83f3\88f82ec192d97c86c695a4aca6fe559c7d5752df23e0eb0db105eefd9057ab7e.json,39.68414749999647,True,CONVERGENCE: RELATIVE REDUCTION OF F <= FACTR*EPSMCH,1.8148817534949544,,26.08,MEDIUM
2022-07-07,DEV,PM,cross_sectional,M00_BS_FLAT,12,35.63878987750047,22.67487125099873,29.101926642485008,0.0,,,,,,,,,,,,,,26.08,MEDIUM
2022-07-07,DEV,PM,cross_sectional_reference,M01_MARKET_IV_REFERENCE,12,0.6791540269581231,0.41854906557146193,0.34435797220197084,0.8333333333333334,,,,,,,,,,,,,"same-quote supplied implied volatility; diagnostic reference, not a fit claim",26.08,MEDIUM
2022-07-07,DEV,PM,cross_sectional,M02_SVI,12,0.808296330894606,0.4211965931456025,0.4113541063459942,0.8333333333333334,,,,,,,,,,,,,,26.08,MEDIUM
2022-07-07,DEV,PM,cross_sectional,M03_SSVI,12,6.668811748302184,5.074273062524152,15.582167460695665,0.08333333333333333,,,,,,,,,,,,,,26.08,MEDIUM
2022-07-08,DEV,PM,cross_sectional,M10_HESTON,12,0.5254700790353923,0.4271913547455755,2.127376862030649,0.6666666666666666,49.40487229999417,O01,C04,unconstrained,5.0,20262932.0,False,artifacts\checkpoints\empirical_real_calibrations\4a137cf6bb3b83f3\e48db94cc461a11cf6e0c18f88af2a7c1ae5a43838a6a06da1430fbab7eae883.json,49.40487229999417,True,CONVERGENCE: RELATIVE REDUCTION OF F <= FACTR*EPSMCH,1.3520573367780206,,24.64,MEDIUM
2022-07-08,DEV,PM,cross_sectional,M00_BS_FLAT,12,31.77456343017681,21.913021507301167,24.564068461582952,0.0,,,,,,,,,,,,,,24.64,MEDIUM
2022-07-08,DEV,PM,cross_sectional_reference,M01_MARKET_IV_REFERENCE,12,0.5705578607148489,0.35141857022277656,0.2663578136833091,0.9166666666666666,,,,,,,,,,,,,"same-quote supplied implied volatility; diagnostic reference, not a fit claim",24.64,MEDIUM
2022-07-08,DEV,PM,cross_sectional,M02_SVI,12,0.748137176198936,0.48620977338957466,1.091438979387465,0.5,,,,,,,,,,,,,,24.64,MEDIUM
2022-07-08,DEV,PM,cross_sectional,M03_SSVI,12,3.84123364292506,2.587352325775979,7.655569135964307,0.08333333333333333,,,,,,,,,,,,,,24.64,MEDIUM
2022-07-11,DEV,PM,cross_sectional,M10_HESTON,12,0.42550863118449533,0.35019558731498535,1.5674252066285959,0.5833333333333334,72.12001469999814,O01,C04,unconstrained,5.0,20262933.0,False,artifacts\checkpoints\empirical_real_calibrations\4a137cf6bb3b83f3\653b55a5be16d2b45b6afd54f8934c25b8a76dc3e311bc75d2627fcf25391f6e.json,72.12001469999814,True,CONVERGENCE: RELATIVE REDUCTION OF F <= FACTR*EPSMCH,0.7487585779706,,26.17,MEDIUM
2022-07-11,DEV,PM,cross_sectional,M00_BS_FLAT,12,30.929931614237326,20.64405037889601,23.65010086078095,0.08333333333333333,,,,,,,,,,,,,,26.17,MEDIUM
2022-07-11,DEV,PM,cross_sectional_reference,M01_MARKET_IV_REFERENCE,12,0.5514044606422803,0.33400053871024077,0.2835058221385658,0.8333333333333334,,,,,,,,,,,,,"same-quote supplied implied volatility; diagnostic reference, not a fit claim",26.17,MEDIUM
2022-07-11,DEV,PM,cross_sectional,M02_SVI,12,0.7643477133536815,0.5369252225670905,1.851969421501779,0.4166666666666667,,,,,,,,,,,,,,26.17,MEDIUM
2022-07-11,DEV,PM,cross_sectional,M03_SSVI,12,2.8882513366710207,1.95943641175276,7.902539762537506,0.08333333333333333,,,,,,,,,,,,,,26.17,MEDIUM
2022-07-12,DEV,PM,cross_sectional,M10_HESTON,12,0.6753340653922536,0.4910617728693314,1.7700754838274952,0.6666666666666666,52.92430679999961,O01,C04,unconstrained,5.0,20262934.0,False,artifacts\checkpoints\empirical_real_calibrations\4a137cf6bb3b83f3\19a76972dcd23e8d9f8520c53e51a9b3fd22842ec3ed39ec840d6a80f357ea99.json,52.92430679999961,True,CONVERGENCE: RELATIVE REDUCTION OF F <= FACTR*EPSMCH,0.8905815912584619,,27.29,MEDIUM
2022-07-12,DEV,PM,cross_sectional,M00_BS_FLAT,12,32.28098829502082,21.98653748304665,19.057201966038914,0.0,,,,,,,,,,,,,,27.29,MEDIUM
2022-07-12,DEV,PM,cross_sectional_reference,M01_MARKET_IV_REFERENCE,12,0.3751314786968968,0.22990304434856057,0.15111953187404856,1.0,,,,,,,,,,,,,"same-quote supplied implied volatility; diagnostic reference, not a fit claim",27.29,MEDIUM
2022-07-12,DEV,PM,cross_sectional,M02_SVI,12,0.5587752891410307,0.380828151691305,0.5702578405070038,0.6666666666666666,,,,,,,,,,,,,,27.29,MEDIUM
2022-07-12,DEV,PM,cross_sectional,M03_SSVI,12,1.8696279572017422,1.3318508495801384,5.494919054555617,0.4166666666666667,,,,,,,,,,,,,,27.29,MEDIUM
2022-07-13,DEV,PM,cross_sectional,M10_HESTON,12,1.185004818031341,0.7133900662258778,1.9368475114472754,0.08333333333333333,69.66683779999585,O01,C04,unconstrained,5.0,20262935.0,False,artifacts\checkpoints\empirical_real_calibrations\4a137cf6bb3b83f3\e773cce3922fe3eb7decf4de029afeec120b1620a16d92209f7a3758c4a37bbc.json,69.66683779999585,True,CONVERGENCE: RELATIVE REDUCTION OF F <= FACTR*EPSMCH,1.354493252356291,,26.82,MEDIUM
2022-07-13,DEV,PM,cross_sectional,M00_BS_FLAT,12,17.735873198802604,12.128324985036995,22.609109085630728,0.0,,,,,,,,,,,,,,26.82,MEDIUM
2022-07-13,DEV,PM,cross_sectional_reference,M01_MARKET_IV_REFERENCE,12,0.22746465538588598,0.13224926169886317,0.16904607547954092,1.0,,,,,,,,,,,,,"same-quote supplied implied volatility; diagnostic reference, not a fit claim",26.82,MEDIUM
2022-07-13,DEV,PM,cross_sectional,M02_SVI,12,0.995778684268675,0.7446179991098291,1.8694952075147662,0.3333333333333333,,,,,,,,,,,,,,26.82,MEDIUM
2022-07-13,DEV,PM,cross_sectional,M03_SSVI,12,3.8503562710546873,2.6903845625104847,13.595302978141984,0.25,,,,,,,,,,,,,,26.82,MEDIUM
2022-07-14,DEV,PM,cross_sectional,M10_HESTON,12,0.6901407890367569,0.511617878670115,2.1866166659183377,0.4166666666666667,52.21580560000439,O01,C04,unconstrained,5.0,20262936.0,False,artifacts\checkpoints\empirical_real_calibrations\4a137cf6bb3b83f3\f4ff42099dcb6d74b6163c4c7b6dba8190f4646c53d6532707dc2eeb48b7a663.json,52.21580560000439,True,CONVERGENCE: RELATIVE REDUCTION OF F <= FACTR*EPSMCH,1.222769520703068,,26.4,MEDIUM
2022-07-14,DEV,PM,cross_sectional,M00_BS_FLAT,12,31.17155229377634,20.81235124586816,23.90761094708956,0.08333333333333333,,,,,,,,,,,,,,26.4,MEDIUM
2022-07-14,DEV,PM,cross_sectional_reference,M01_MARKET_IV_REFERENCE,12,0.44479330064366507,0.2733787448352807,0.192229126337196,1.0,,,,,,,,,,,,,"same-quote supplied implied volatility; diagnostic reference, not a fit claim",26.4,MEDIUM
2022-07-14,DEV,PM,cross_sectional,M02_SVI,12,0.7072780385214873,0.47849608176811964,2.614643104539675,0.5,,,,,,,,,,,,,,26.4,MEDIUM
2022-07-14,DEV,PM,cross_sectional,M03_SSVI,12,2.159499908823759,1.5580886068061846,12.549065760843522,0.3333333333333333,,,,,,,,,,,,,,26.4,MEDIUM
2022-07-15,DEV,PM,cross_sectional,M10_HESTON,12,0.5764144941599838,0.4277544742524199,1.8338811101112116,0.5833333333333334,57.468182600001455,O01,C04,unconstrained,5.0,20262937.0,False,artifacts\checkpoints\empirical_real_calibrations\4a137cf6bb3b83f3\628d0d967b2cd38d8214ef726a7341683e387750e3659618831a13c3dd7f5b5e.json,57.468182600001455,True,CONVERGENCE: RELATIVE REDUCTION OF F <= FACTR*EPSMCH,1.1429521862613303,,24.23,MEDIUM
2022-07-15,DEV,PM,cross_sectional,M00_BS_FLAT,12,31.921265793619945,22.085432536015247,30.780436199549882,0.0,,,,,,,,,,,,,,24.23,MEDIUM
2022-07-15,DEV,PM,cross_sectional_reference,M01_MARKET_IV_REFERENCE,12,0.39557472560975937,0.2421455822973643,0.17123034996525438,1.0,,,,,,,,,,,,,"same-quote supplied implied volatility; diagnostic reference, not a fit claim",24.23,MEDIUM
2022-07-15,DEV,PM,cross_sectional,M02_SVI,12,0.7455289013296148,0.5446242609852957,3.7306726685039955,0.5833333333333334,,,,,,,,,,,,,,24.23,MEDIUM
2022-07-15,DEV,PM,cross_sectional,M03_SSVI,12,3.3875638848265566,2.099101784305491,5.450364771737223,0.08333333333333333,,,,,,,,,,,,,,24.23,MEDIUM
2022-07-18,DEV,PM,cross_sectional,M10_HESTON,12,0.5301308273155835,0.44337750980866736,1.5747437269853315,0.5,67.55275750000146,O01,C04,unconstrained,5.0,20262938.0,False,artifacts\checkpoints\empirical_real_calibrations\4a137cf6bb3b83f3\cf3cdc3e92435cfa586810cae731d2b12a785a8690109ecfa3366ac06fc6ee98.json,67.55275750000146,True,CONVERGENCE: RELATIVE REDUCTION OF F <= FACTR*EPSMCH,0.8837693138968095,,25.3,MEDIUM
2022-07-18,DEV,PM,cross_sectional,M00_BS_FLAT,12,33.4825748513443,22.582842422244266,25.515005974634114,0.0,,,,,,,,,,,,,,25.3,MEDIUM
2022-07-18,DEV,PM,cross_sectional_reference,M01_MARKET_IV_REFERENCE,12,0.3978789709191606,0.24251852225203394,0.217011975251533,1.0,,,,,,,,,,,,,"same-quote supplied implied volatility; diagnostic reference, not a fit claim",25.3,MEDIUM
2022-07-18,DEV,PM,cross_sectional,M02_SVI,12,0.7206524854279954,0.5314890692026922,1.5507579426322429,0.4166666666666667,,,,,,,,,,,,,,25.3,MEDIUM
2022-07-18,DEV,PM,cross_sectional,M03_SSVI,12,2.3149199107099294,1.5586120825830543,5.956082702062544,0.3333333333333333,,,,,,,,,,,,,,25.3,MEDIUM
2022-07-19,DEV,PM,cross_sectional,M10_HESTON,12,0.5164072534537995,0.40278304020770506,1.449451256976855,0.6666666666666666,60.38246960000106,O01,C04,unconstrained,5.0,20262939.0,False,artifacts\checkpoints\empirical_real_calibrations\4a137cf6bb3b83f3\05534c5d734f4010559110847b1e15feeed529a4a139b7bec261db971d21437d.json,60.38246960000106,True,CONVERGENCE: RELATIVE REDUCTION OF F <= FACTR*EPSMCH,0.6673918725044978,,24.5,MEDIUM
2022-07-19,DEV,PM,cross_sectional,M00_BS_FLAT,12,32.99851111992417,22.615936559577978,25.052346990080576,0.0,,,,,,,,,,,,,,24.5,MEDIUM
2022-07-19,DEV,PM,cross_sectional_reference,M01_MARKET_IV_REFERENCE,12,0.4316201046075194,0.26633007603075326,0.18578222579070808,1.0,,,,,,,,,,,,,"same-quote supplied implied volatility; diagnostic reference, not a fit claim",24.5,MEDIUM
2022-07-19,DEV,PM,cross_sectional,M02_SVI,12,0.6533582454978191,0.46490967401861655,1.5809228310594712,0.5833333333333334,,,,,,,,,,,,,,24.5,MEDIUM
2022-07-19,DEV,PM,cross_sectional,M03_SSVI,12,5.933601589074645,3.767682699278334,4.780623686790061,0.08333333333333333,,,,,,,,,,,,,,24.5,MEDIUM
2022-07-20,DEV,PM,cross_sectional,M10_HESTON,12,0.40398919556175106,0.33541561935413,1.469923185084046,0.5833333333333334,55.57042270000238,O01,C04,unconstrained,5.0,20262940.0,False,artifacts\checkpoints\empirical_real_calibrations\4a137cf6bb3b83f3\f015fd36470355e49985e91b2f98edea8beab9e7ac1d097473c802321645a6ca.json,55.57042270000238,True,CONVERGENCE: RELATIVE REDUCTION OF F <= FACTR*EPSMCH,0.8141365232751787,,23.88,MEDIUM
2022-07-20,DEV,PM,cross_sectional,M00_BS_FLAT,12,32.64682207850409,21.634301293196103,21.38425440695923,0.0,,,,,,,,,,,,,,23.88,MEDIUM
2022-07-20,DEV,PM,cross_sectional_reference,M01_MARKET_IV_REFERENCE,12,0.4823558606788874,0.29856662373265486,0.2091131738079523,1.0,,,,,,,,,,,,,"same-quote supplied implied volatility; diagnostic reference, not a fit claim",23.88,MEDIUM
2022-07-20,DEV,PM,cross_sectional,M02_SVI,12,0.5962203573504951,0.39904704954066456,1.250514304481352,0.6666666666666666,,,,,,,,,,,,,,23.88,MEDIUM
2022-07-20,DEV,PM,cross_sectional,M03_SSVI,12,7.0423269611227814,4.530728975016484,7.206437453449065,0.08333333333333333,,,,,,,,,,,,,,23.88,MEDIUM
2022-07-21,DEV,PM,cross_sectional,M10_HESTON,12,0.6407996869325117,0.5023415295907822,2.9950695196439554,0.25,54.461025799995696,O01,C04,unconstrained,5.0,20262941.0,False,artifacts\checkpoints\empirical_real_calibrations\4a137cf6bb3b83f3\d2b2e14f09fcef211ef8ef0bb27371119e4ce800d9e7d4027fe29c8cb437cc8f.json,54.461025799995696,True,CONVERGENCE: RELATIVE REDUCTION OF F <= FACTR*EPSMCH,1.93034568597333,,23.11,MEDIUM
2022-07-21,DEV,PM,cross_sectional,M00_BS_FLAT,12,33.99085936979512,22.509993277443794,27.3653467282691,0.0,,,,,,,,,,,,,,23.11,MEDIUM
2022-07-21,DEV,PM,cross_sectional_reference,M01_MARKET_IV_REFERENCE,12,0.4767937005747029,0.29395297073853505,0.22447563804905532,1.0,,,,,,,,,,,,,"same-quote supplied implied volatility; diagnostic reference, not a fit claim",23.11,MEDIUM
2022-07-21,DEV,PM,cross_sectional,M02_SVI,12,0.5609687353656582,0.37002695970201066,0.6506670190312293,0.75,,,,,,,,,,,,,,23.11,MEDIUM
2022-07-21,DEV,PM,cross_sectional,M03_SSVI,12,7.300394895215667,4.479195296942882,7.0184168712336445,0.08333333333333333,,,,,,,,,,,,,,23.11,MEDIUM
2022-07-22,DEV,PM,cross_sectional,M10_HESTON,12,0.5254191193894402,0.40386875863570887,1.5893749279292226,0.5833333333333334,53.91934939999919,O01,C04,unconstrained,5.0,20262942.0,False,artifacts\checkpoints\empirical_real_calibrations\4a137cf6bb3b83f3\3b0006b133c2d40865fbea2b7a5cb6a4815c03c907cdba59d68648d7866e5c76.json,53.91934939999919,True,CONVERGENCE: RELATIVE REDUCTION OF F <= FACTR*EPSMCH,0.8949635948336966,,23.03,MEDIUM
2022-07-22,DEV,PM,cross_sectional,M00_BS_FLAT,12,31.024586915312774,20.99878193526748,21.97946928964845,0.0,,,,,,,,,,,,,,23.03,MEDIUM
2022-07-22,DEV,PM,cross_sectional_reference,M01_MARKET_IV_REFERENCE,12,0.5061076903341316,0.3065725453180974,0.2101617171110065,1.0,,,,,,,,,,,,,"same-quote supplied implied volatility; diagnostic reference, not a fit claim",23.03,MEDIUM
2022-07-22,DEV,PM,cross_sectional,M02_SVI,12,0.7520829533779773,0.551062817854654,2.174251585526163,0.5,,,,,,,,,,,,,,23.03,MEDIUM
2022-07-22,DEV,PM,cross_sectional,M03_SSVI,12,3.9273707492272547,2.159087151028747,2.2878571499128357,0.08333333333333333,,,,,,,,,,,,,,23.03,MEDIUM
2022-07-25,DEV,PM,cross_sectional,M10_HESTON,12,0.5383908032981481,0.4360707320156933,1.9465543822652154,0.6666666666666666,69.85477589999937,O01,C04,unconstrained,5.0,20262943.0,False,artifacts\checkpoints\empirical_real_calibrations\4a137cf6bb3b83f3\4bce84fb8ea4bb472cc882a9071ab7bedce97ae13ce7d13f5161d8439fc1c8ef.json,69.85477589999937,True,CONVERGENCE: RELATIVE REDUCTION OF F <= FACTR*EPSMCH,1.1809974219807118,,23.36,MEDIUM
2022-07-25,DEV,PM,cross_sectional,M00_BS_FLAT,12,31.017458599950572,20.997206896540213,24.948771762793623,0.16666666666666666,,,,,,,,,,,,,,23.36,MEDIUM
2022-07-25,DEV,PM,cross_sectional_reference,M01_MARKET_IV_REFERENCE,12,0.46760085768180604,0.2850231183552678,0.21776823527235956,1.0,,,,,,,,,,,,,"same-quote supplied implied volatility; diagnostic reference, not a fit claim",23.36,MEDIUM
2022-07-25,DEV,PM,cross_sectional,M02_SVI,12,0.8888896306138352,0.6412576207970574,3.092443873743406,0.5,,,,,,,,,,,,,,23.36,MEDIUM
2022-07-25,DEV,PM,cross_sectional,M03_SSVI,12,4.9550376188084355,3.3112187627508827,7.95509077848144,0.08333333333333333,,,,,,,,,,,,,,23.36,MEDIUM
2022-07-26,DEV,PM,cross_sectional,M10_HESTON,12,0.8862648000013613,0.6305878638925416,0.8855717874111961,0.5833333333333334,52.71352409999963,O01,C04,unconstrained,5.0,20262944.0,False,artifacts\checkpoints\empirical_real_calibrations\4a137cf6bb3b83f3\0b1001f2344bf25466ce15389b7ba1abd14038f2fa51e22bcdba7ff9e4657685.json,52.71352409999963,True,CONVERGENCE: RELATIVE REDUCTION OF F <= FACTR*EPSMCH,0.3440012527500538,,24.69,MEDIUM
2022-07-26,DEV,PM,cross_sectional,M00_BS_FLAT,12,32.25015600707578,22.23106708711562,11.857956935664474,0.0,,,,,,,,,,,,,,24.69,MEDIUM
2022-07-26,DEV,PM,cross_sectional_reference,M01_MARKET_IV_REFERENCE,12,0.3543798377779786,0.22022427739187458,0.08070641529981748,1.0,,,,,,,,,,,,,"same-quote supplied implied volatility; diagnostic reference, not a fit claim",24.69,MEDIUM
2022-07-26,DEV,PM,cross_sectional,M02_SVI,12,0.6634433560020243,0.5146972304310543,0.9601149011777523,0.5833333333333334,,,,,,,,,,,,,,24.69,MEDIUM
2022-07-26,DEV,PM,cross_sectional,M03_SSVI,12,2.873343414094348,1.8681515580095793,1.8159582470754057,0.4166666666666667,,,,,,,,,,,,,,24.69,MEDIUM
2022-07-27,DEV,PM,cross_sectional,M10_HESTON,12,0.6583543977587807,0.5173177333971783,1.2268302037698475,0.6666666666666666,54.6968859999979,O01,C04,unconstrained,5.0,20262945.0,False,artifacts\checkpoints\empirical_real_calibrations\4a137cf6bb3b83f3\b8b24b3a57b2b2e94a544ebe69a81e197c4dd8df5c6b26c135bd6341a8f3a2b8.json,54.6968859999979,True,CONVERGENCE: RELATIVE REDUCTION OF F <= FACTR*EPSMCH,0.6120821454358287,,23.24,MEDIUM
2022-07-27,DEV,PM,cross_sectional,M00_BS_FLAT,12,31.23790531079683,21.477268238436277,17.81772602375248,0.0,,,,,,,,,,,,,,23.24,MEDIUM
2022-07-27,DEV,PM,cross_sectional_reference,M01_MARKET_IV_REFERENCE,12,0.48368065397315674,0.2952662064035942,0.16045184348852234,1.0,,,,,,,,,,,,,"same-quote supplied implied volatility; diagnostic reference, not a fit claim",23.24,MEDIUM
2022-07-27,DEV,PM,cross_sectional,M02_SVI,12,0.5953884753594073,0.4068426488809204,0.6845892528068824,0.6666666666666666,,,,,,,,,,,,,,23.24,MEDIUM
2022-07-27,DEV,PM,cross_sectional,M03_SSVI,12,5.484863062593125,3.032859824402299,2.46440702497474,0.16666666666666666,,,,,,,,,,,,,,23.24,MEDIUM
2022-07-28,DEV,PM,cross_sectional,M10_HESTON,12,0.5607704538436816,0.44992372797958075,4.356243865972345,0.5,79.46833970000444,O01,C04,unconstrained,5.0,20262946.0,False,artifacts\checkpoints\empirical_real_calibrations\4a137cf6bb3b83f3\39c3aac3ecedadc21acb7c2a9bb36f49666db6e5c74e309fd5f2e4039fe5b496.json,79.46833970000444,True,CONVERGENCE: RELATIVE REDUCTION OF F <= FACTR*EPSMCH,2.6076207448114475,,22.33,MEDIUM
2022-07-28,DEV,PM,cross_sectional,M00_BS_FLAT,12,32.20247892897485,22.264554415848227,27.805977452401653,0.0,,,,,,,,,,,,,,22.33,MEDIUM
2022-07-28,DEV,PM,cross_sectional_reference,M01_MARKET_IV_REFERENCE,12,0.5535783940088322,0.33759894660360756,0.22201943566520993,1.0,,,,,,,,,,,,,"same-quote supplied implied volatility; diagnostic reference, not a fit claim",22.33,MEDIUM
2022-07-28,DEV,PM,cross_sectional,M02_SVI,12,0.6085662597837448,0.4094595139192025,0.5962106664768593,0.6666666666666666,,,,,,,,,,,,,,22.33,MEDIUM
2022-07-28,DEV,PM,cross_sectional,M03_SSVI,12,7.7870268870455845,5.124268929545974,13.776912745037338,0.08333333333333333,,,,,,,,,,,,,,22.33,MEDIUM
2022-07-29,DEV,PM,cross_sectional,M10_HESTON,12,0.3466550913091625,0.3026298393754008,3.0130442484262367,0.5833333333333334,108.7239647000024,O01,C04,unconstrained,5.0,20262947.0,False,artifacts\checkpoints\empirical_real_calibrations\4a137cf6bb3b83f3\8c95aa3f903fd2c698ee57f0b02f57850562383c39b7fb3f894e4552d0b90fd9.json,108.7239647000024,True,CONVERGENCE: RELATIVE REDUCTION OF F <= FACTR*EPSMCH,2.148145599858657,,21.33,MEDIUM
2022-07-29,DEV,PM,cross_sectional,M00_BS_FLAT,12,31.96632652818859,22.715702149681125,24.693838871535018,0.0,,,,,,,,,,,,,,21.33,MEDIUM
2022-07-29,DEV,PM,cross_sectional_reference,M01_MARKET_IV_REFERENCE,12,0.4694250569203104,0.287701379864127,0.22372793008988107,1.0,,,,,,,,,,,,,"same-quote supplied implied volatility; diagnostic reference, not a fit claim",21.33,MEDIUM
2022-07-29,DEV,PM,cross_sectional,M02_SVI,12,0.5125686527477632,0.3422370326791146,0.47522153090548847,0.75,,,,,,,,,,,,,,21.33,MEDIUM
2022-07-29,DEV,PM,cross_sectional,M03_SSVI,12,8.473286753580332,4.95274605579367,8.243863956979736,0.08333333333333333,,,,,,,,,,,,,,21.33,MEDIUM
2022-08-01,DEV,PM,cross_sectional,M10_HESTON,12,0.32968274848435847,0.2783775433215024,2.2124588125215583,0.5833333333333334,79.12203189999855,O01,C04,unconstrained,5.0,20262948.0,False,artifacts\checkpoints\empirical_real_calibrations\4a137cf6bb3b83f3\6312a54e4931c91261e97091a62963d4cf6b56f702848e3871cd2f15bd58c534.json,79.12203189999855,True,CONVERGENCE: RELATIVE REDUCTION OF F <= FACTR*EPSMCH,1.3866911619622975,,22.84,MEDIUM
2022-08-01,DEV,PM,cross_sectional,M00_BS_FLAT,12,31.48064304002559,21.886874103500517,28.761152795106216,0.08333333333333333,,,,,,,,,,,,,,22.84,MEDIUM
2022-08-01,DEV,PM,cross_sectional_reference,M01_MARKET_IV_REFERENCE,12,0.5819116615511707,0.34998959822558984,0.28532446864130434,0.9166666666666666,,,,,,,,,,,,,"same-quote supplied implied volatility; diagnostic reference, not a fit claim",22.84,MEDIUM
2022-08-01,DEV,PM,cross_sectional,M02_SVI,12,0.664876171416536,0.476735257747956,1.0378778512828393,0.6666666666666666,,,,,,,,,,,,,,22.84,MEDIUM
2022-08-01,DEV,PM,cross_sectional,M03_SSVI,12,4.404603890991793,2.811076555385883,6.77397172207838,0.08333333333333333,,,,,,,,,,,,,,22.84,MEDIUM
2022-08-02,DEV,PM,cross_sectional,M10_HESTON,12,0.42085028843253014,0.3300954828486741,1.985263431458559,0.75,78.03847029999451,O01,C04,unconstrained,5.0,20262949.0,False,artifacts\checkpoints\empirical_real_calibrations\4a137cf6bb3b83f3\d326fda84b8f632ce9125779a08c3d28ebe0a32aeccafc85b7b38faddd65270d.json,78.03847029999451,True,CONVERGENCE: RELATIVE REDUCTION OF F <= FACTR*EPSMCH,1.2187102085157278,,23.93,MEDIUM
2022-08-02,DEV,PM,cross_sectional,M00_BS_FLAT,12,31.9274261146829,22.094939163449983,24.628080047368986,0.0,,,,,,,,,,,,,,23.93,MEDIUM
2022-08-02,DEV,PM,cross_sectional_reference,M01_MARKET_IV_REFERENCE,12,0.5299124527006231,0.32185212528944823,0.2506465962172915,0.9166666666666666,,,,,,,,,,,,,"same-quote supplied implied volatility; diagnostic reference, not a fit claim",23.93,MEDIUM
2022-08-02,DEV,PM,cross_sectional,M02_SVI,12,0.6600929628407517,0.46316619166099543,0.9127186038669973,0.75,,,,,,,,,,,,,,23.93,MEDIUM
2022-08-02,DEV,PM,cross_sectional,M03_SSVI,12,4.825327366997035,3.4139565999538846,14.674767087823254,0.08333333333333333,,,,,,,,,,,,,,23.93,MEDIUM
2022-08-03,DEV,PM,cross_sectional,M10_HESTON,12,0.24618236456374512,0.2050078092868717,1.6209480283752618,0.5833333333333334,75.50412990000041,O01,C04,unconstrained,5.0,20262950.0,False,artifacts\checkpoints\empirical_real_calibrations\4a137cf6bb3b83f3\3bac8cc05bb81d2d6ad01205686cef72b9225cc3d4ca20116da46f87e07daf6b.json,75.50412990000041,True,CONVERGENCE: RELATIVE REDUCTION OF F <= FACTR*EPSMCH,0.8743564778377336,,21.95,MEDIUM
2022-08-03,DEV,PM,cross_sectional,M00_BS_FLAT,12,31.588499099483297,21.526292542666283,27.866412214470373,0.16666666666666666,,,,,,,,,,,,,,21.95,MEDIUM
2022-08-03,DEV,PM,cross_sectional_reference,M01_MARKET_IV_REFERENCE,12,0.45128240602209924,0.2732641362217978,0.22250029904536653,1.0,,,,,,,,,,,,,"same-quote supplied implied volatility; diagnostic reference, not a fit claim",21.95,MEDIUM
2022-08-03,DEV,PM,cross_sectional,M02_SVI,12,0.648892528306611,0.44896953206531015,1.7285793932077473,0.5,,,,,,,,,,,,,,21.95,MEDIUM
2022-08-03,DEV,PM,cross_sectional,M03_SSVI,12,6.480691774871792,4.062327815878393,8.669431590181905,0.08333333333333333,,,,,,,,,,,,,,21.95,MEDIUM
2022-08-04,DEV,PM,cross_sectional,M10_HESTON,12,0.3187528051240836,0.2904531778211988,1.700913086246145,0.6666666666666666,86.07101910000347,O01,C04,unconstrained,5.0,20262951.0,False,artifacts\checkpoints\empirical_real_calibrations\4a137cf6bb3b83f3\f1bd41b498152e6dee30932d6613b37b1cf36e7af029aede7055bb5dd8a5d0de.json,86.07101910000347,True,CONVERGENCE: RELATIVE REDUCTION OF F <= FACTR*EPSMCH,0.9858970245610901,,21.44,MEDIUM
2022-08-04,DEV,PM,cross_sectional,M00_BS_FLAT,12,31.205469633693564,22.094650922111285,31.47069808665895,0.0,,,,,,,,,,,,,,21.44,MEDIUM
2022-08-04,DEV,PM,cross_sectional_reference,M01_MARKET_IV_REFERENCE,12,0.5394858665326648,0.32415197323306216,0.2921462890131037,0.9166666666666666,,,,,,,,,,,,,"same-quote supplied implied volatility; diagnostic reference, not a fit claim",21.44,MEDIUM
2022-08-04,DEV,PM,cross_sectional,M02_SVI,12,0.6242080685091098,0.4285710958302249,0.8589216321440704,0.5833333333333334,,,,,,,,,,,,,,21.44,MEDIUM
2022-08-04,DEV,PM,cross_sectional,M03_SSVI,12,6.31874165950613,3.8440094167837153,5.179060148967118,0.08333333333333333,,,,,,,,,,,,,,21.44,MEDIUM
2022-08-05,DEV,PM,cross_sectional,M10_HESTON,12,0.23723569955092466,0.20679989964653142,2.475045376895452,0.6666666666666666,80.02638769999612,O01,C04,unconstrained,5.0,20262952.0,False,artifacts\checkpoints\empirical_real_calibrations\4a137cf6bb3b83f3\0ea6dd1e87e7552792689f4030390304a6be1138936b585be580d2d55fa2d722.json,80.02638769999612,True,CONVERGENCE: RELATIVE REDUCTION OF F <= FACTR*EPSMCH,1.5214463955676056,,21.15,MEDIUM
2022-08-05,DEV,PM,cross_sectional,M00_BS_FLAT,12,31.316484359122878,22.176894600653082,30.6990844586769,0.0,,,,,,,,,,,,,,21.15,MEDIUM
2022-08-05,DEV,PM,cross_sectional_reference,M01_MARKET_IV_REFERENCE,12,0.5306378751710298,0.3172208961299043,0.2541149826097032,0.9166666666666666,,,,,,,,,,,,,"same-quote supplied implied volatility; diagnostic reference, not a fit claim",21.15,MEDIUM
2022-08-05,DEV,PM,cross_sectional,M02_SVI,12,0.6065702419337516,0.4122900512510104,0.8152021889522973,0.5833333333333334,,,,,,,,,,,,,,21.15,MEDIUM
2022-08-05,DEV,PM,cross_sectional,M03_SSVI,12,6.31280771425977,4.092857450812573,14.763959248702577,0.16666666666666666,,,,,,,,,,,,,,21.15,MEDIUM
2022-08-08,DEV,PM,cross_sectional,M10_HESTON,12,0.34090270915708953,0.2860744993334299,1.758120686897524,0.5833333333333334,134.04947060000268,O01,C04,unconstrained,5.0,20262953.0,False,artifacts\checkpoints\empirical_real_calibrations\4a137cf6bb3b83f3\440722e5cc0d9ce5b85b64a5aa45852212c8956bfe2d31c2418214290d83d9b4.json,134.04947060000268,True,CONVERGENCE: RELATIVE REDUCTION OF F <= FACTR*EPSMCH,0.966641811919002,,21.29,MEDIUM
2022-08-08,DEV,PM,cross_sectional,M00_BS_FLAT,12,34.17703526589443,23.623766536403306,27.66942146733281,0.0,,,,,,,,,,,,,,21.29,MEDIUM
2022-08-08,DEV,PM,cross_sectional_reference,M01_MARKET_IV_REFERENCE,12,0.48428841982021936,0.2912684124632204,0.23143649039718045,1.0,,,,,,,,,,,,,"same-quote supplied implied volatility; diagnostic reference, not a fit claim",21.29,MEDIUM
2022-08-08,DEV,PM,cross_sectional,M02_SVI,12,0.5930821109659002,0.4031084735718366,0.9189491071549721,0.5833333333333334,,,,,,,,,,,,,,21.29,MEDIUM
2022-08-08,DEV,PM,cross_sectional,M03_SSVI,12,6.188638643625346,3.8715004027769537,8.242803305705888,0.16666666666666666,,,,,,,,,,,,,,21.29,MEDIUM
2022-08-09,DEV,PM,cross_sectional,M10_HESTON,12,0.2978273171652295,0.2492071481221235,1.8999658619344097,0.6666666666666666,92.49539270000241,O01,C04,unconstrained,5.0,20262954.0,False,artifacts\checkpoints\empirical_real_calibrations\4a137cf6bb3b83f3\a05e627ccb2e02e9366d107ace5f50866c0081fea2411e292511089e846f4506.json,92.49539270000241,True,CONVERGENCE: RELATIVE REDUCTION OF F <= FACTR*EPSMCH,1.0251669503546126,,21.77,MEDIUM
2022-08-09,DEV,PM,cross_sectional,M00_BS_FLAT,12,33.282488878594975,23.11584622883886,28.106556612787895,0.0,,,,,,,,,,,,,,21.77,MEDIUM
2022-08-09,DEV,PM,cross_sectional_reference,M01_MARKET_IV_REFERENCE,12,0.5081521253481609,0.30580748539263913,0.2727739260365016,0.9166666666666666,,,,,,,,,,,,,"same-quote supplied implied volatility; diagnostic reference, not a fit claim",21.77,MEDIUM
2022-08-09,DEV,PM,cross_sectional,M02_SVI,12,0.602812003286948,0.42003990796940016,1.2831993722031352,0.6666666666666666,,,,,,,,,,,,,,21.77,MEDIUM
2022-08-09,DEV,PM,cross_sectional,M03_SSVI,12,5.665626413514758,3.858821016242666,10.021980666899172,0.08333333333333333,,,,,,,,,,,,,,21.77,MEDIUM
2022-08-10,DEV,PM,cross_sectional,M10_HESTON,12,0.38295110532361276,0.33206472743732224,4.512706456308117,0.5833333333333334,109.37006600000313,O01,C04,unconstrained,5.0,20262955.0,False,artifacts\checkpoints\empirical_real_calibrations\4a137cf6bb3b83f3\3cf25bc39bbd7a75b737c7ee34293d47ee9ed6f514bedbcc2db532629e8ec3ee.json,109.37006600000313,True,CONVERGENCE: RELATIVE REDUCTION OF F <= FACTR*EPSMCH,2.9736261056659115,,19.74,LOW
2022-08-10,DEV,PM,cross_sectional,M00_BS_FLAT,12,32.73921068495896,23.380192736536667,31.24523787698436,0.0,,,,,,,,,,,,,,19.74,LOW
2022-08-10,DEV,PM,cross_sectional_reference,M01_MARKET_IV_REFERENCE,12,0.48781554409529543,0.29421109656020894,0.2136802664090952,1.0,,,,,,,,,,,,,"same-quote supplied implied volatility; diagnostic reference, not a fit claim",19.74,LOW
2022-08-10,DEV,PM,cross_sectional,M02_SVI,12,0.5794003573112161,0.3958728380633259,0.9745757843046722,0.75,,,,,,,,,,,,,,19.74,LOW
2022-08-10,DEV,PM,cross_sectional,M03_SSVI,12,8.031733872426843,4.706644094155723,9.245968391030935,0.08333333333333333,,,,,,,,,,,,,,19.74,LOW
2022-08-11,DEV,PM,cross_sectional,M10_HESTON,12,0.4236390789842722,0.35724064260407573,3.0010487891489745,0.5,68.0599746999942,O01,C04,unconstrained,5.0,20262956.0,False,artifacts\checkpoints\empirical_real_calibrations\4a137cf6bb3b83f3\26fd3e8b0aec00ff08341a6abe9faa43ae53a6d4a362607c0023c0a61282bf7c.json,68.0599746999942,True,CONVERGENCE: RELATIVE REDUCTION OF F <= FACTR*EPSMCH,1.9567636160995494,,20.2,MEDIUM
2022-08-11,DEV,PM,cross_sectional,M00_BS_FLAT,12,33.66212356601632,24.125698920150864,33.32995367123615,0.0,,,,,,,,,,,,,,20.2,MEDIUM
2022-08-11,DEV,PM,cross_sectional_reference,M01_MARKET_IV_REFERENCE,12,0.5497203162726544,0.3306029612882388,0.30800614353857725,0.75,,,,,,,,,,,,,"same-quote supplied implied volatility; diagnostic reference, not a fit claim",20.2,MEDIUM
2022-08-11,DEV,PM,cross_sectional,M02_SVI,12,0.6109179857356434,0.4181782195997444,0.7238351488794371,0.5833333333333334,,,,,,,,,,,,,,20.2,MEDIUM
2022-08-11,DEV,PM,cross_sectional,M03_SSVI,12,7.519219804120385,4.770208903863004,11.482098607580818,0.08333333333333333,,,,,,,,,,,,,,20.2,MEDIUM
2022-08-12,DEV,PM,cross_sectional,M10_HESTON,12,0.7275071361485643,0.5880677100069743,3.791766607014465,0.5,119.63728519999859,O01,C04,unconstrained,5.0,20262957.0,False,artifacts\checkpoints\empirical_real_calibrations\4a137cf6bb3b83f3\90a44ae5bd7f69ae2e17bc3f78dffe921d070317f06ebe51d1b7ec61f282c035.json,119.63728519999859,True,CONVERGENCE: RELATIVE REDUCTION OF F <= FACTR*EPSMCH,2.9569598940161548,,19.53,LOW
2022-08-12,DEV,PM,cross_sectional,M00_BS_FLAT,12,33.67172433180286,24.815569136397006,33.70957627455541,0.0,,,,,,,,,,,,,,19.53,LOW
2022-08-12,DEV,PM,cross_sectional_reference,M01_MARKET_IV_REFERENCE,12,0.4342774090376165,0.2641008242517868,0.18815787590174496,1.0,,,,,,,,,,,,,"same-quote supplied implied volatility; diagnostic reference, not a fit claim",19.53,LOW
2022-08-12,DEV,PM,cross_sectional,M02_SVI,12,0.5696468706931425,0.3716087895385172,0.9900656819886012,0.5833333333333334,,,,,,,,,,,,,,19.53,LOW
2022-08-12,DEV,PM,cross_sectional,M03_SSVI,12,10.629540532704572,6.50579248894385,10.744734477389947,0.0,,,,,,,,,,,,,,19.53,LOW
2022-08-15,DEV,PM,cross_sectional,M10_HESTON,12,0.6030414732073414,0.46419122977767496,2.1498411015914596,0.3333333333333333,100.53428100000019,O01,C04,unconstrained,5.0,20262958.0,False,artifacts\checkpoints\empirical_real_calibrations\4a137cf6bb3b83f3\072b6a7896b55ace82b43bf1e7e37d2dd67b2189e468515a3702b0ba9f8fdf2d.json,100.53428100000019,True,CONVERGENCE: RELATIVE REDUCTION OF F <= FACTR*EPSMCH,1.3595037282020834,,19.95,LOW
2022-08-15,DEV,PM,cross_sectional,M00_BS_FLAT,12,33.80453080948832,24.620421279824267,37.213645592577755,0.0,,,,,,,,,,,,,,19.95,LOW
2022-08-15,DEV,PM,cross_sectional_reference,M01_MARKET_IV_REFERENCE,12,0.4505890453516984,0.27443831575677125,0.29016352967195,0.9166666666666666,,,,,,,,,,,,,"same-quote supplied implied volatility; diagnostic reference, not a fit claim",19.95,LOW
2022-08-15,DEV,PM,cross_sectional,M02_SVI,12,0.5277661613581318,0.31054389556288725,0.4531277652822926,0.6666666666666666,,,,,,,,,,,,,,19.95,LOW
2022-08-15,DEV,PM,cross_sectional,M03_SSVI,12,9.106751459715985,5.499199304187935,10.759257963072779,0.08333333333333333,,,,,,,,,,,,,,19.95,LOW
2022-08-16,DEV,PM,cross_sectional,M10_HESTON,12,0.5136582868327311,0.4192533968444492,2.7179306786942803,0.5833333333333334,101.49714780000068,O01,C04,unconstrained,5.0,20262959.0,False,artifacts\checkpoints\empirical_real_calibrations\4a137cf6bb3b83f3\5a5fc9ec948bc23691a4b526663d07a94cff1876433de76ac7c01c13cd3379b3.json,101.49714780000068,True,CONVERGENCE: RELATIVE REDUCTION OF F <= FACTR*EPSMCH,2.02263359245784,,19.69,LOW
2022-08-16,DEV,PM,cross_sectional,M00_BS_FLAT,12,33.744734684146486,24.633534775752214,36.77776069382514,0.0,,,,,,,,,,,,,,19.69,LOW
2022-08-16,DEV,PM,cross_sectional_reference,M01_MARKET_IV_REFERENCE,12,0.5111887576177794,0.30683737851275067,0.32001359044614963,0.8333333333333334,,,,,,,,,,,,,"same-quote supplied implied volatility; diagnostic reference, not a fit claim",19.69,LOW
2022-08-16,DEV,PM,cross_sectional,M02_SVI,12,0.59932021734919,0.3683534373528645,0.5615667727302257,0.5833333333333334,,,,,,,,,,,,,,19.69,LOW
2022-08-16,DEV,PM,cross_sectional,M03_SSVI,12,8.225458704242385,4.878182870107264,7.857864716186652,0.08333333333333333,,,,,,,,,,,,,,19.69,LOW
2022-08-17,DEV,PM,cross_sectional,M10_HESTON,12,0.758580821575113,0.6184841922031358,2.163094606284955,0.3333333333333333,167.39605139999912,O01,C04,unconstrained,5.0,20262960.0,False,artifacts\checkpoints\empirical_real_calibrations\4a137cf6bb3b83f3\4762d2c2a5698177a21fd2bdbf3af97906f8c78e80587ed872c30b746b9d53a4.json,167.39605139999912,True,CONVERGENCE: RELATIVE REDUCTION OF F <= FACTR*EPSMCH,1.4541497976629822,,19.9,LOW
2022-08-17,DEV,PM,cross_sectional,M00_BS_FLAT,12,38.19408865006527,25.612982559126067,28.63521746294534,0.0,,,,,,,,,,,,,,19.9,LOW
2022-08-17,DEV,PM,cross_sectional_reference,M01_MARKET_IV_REFERENCE,12,0.5442130713752731,0.32630938080854754,0.2584559742694914,0.9166666666666666,,,,,,,,,,,,,"same-quote supplied implied volatility; diagnostic reference, not a fit claim",19.9,LOW
2022-08-17,DEV,PM,cross_sectional,M02_SVI,12,0.6793409500770533,0.43933605538121956,0.9975388112340754,0.5,,,,,,,,,,,,,,19.9,LOW
2022-08-17,DEV,PM,cross_sectional,M03_SSVI,12,7.01028455359009,4.385772569153537,8.38889089268718,0.08333333333333333,,,,,,,,,,,,,,19.9,LOW
2022-08-18,DEV,PM,cross_sectional,M10_HESTON,12,0.7106838919856822,0.5965505030169862,2.118632053005761,0.3333333333333333,131.01671080000233,O01,C04,unconstrained,5.0,20262961.0,False,artifacts\checkpoints\empirical_real_calibrations\4a137cf6bb3b83f3\4c879ef0c0c12f9c8abb61cbeead8aaa9b190093095395b0c22cff616fbce5c3.json,131.01671080000233,True,CONVERGENCE: RELATIVE REDUCTION OF F <= FACTR*EPSMCH,1.6082217291215493,,19.56,LOW
2022-08-18,DEV,PM,cross_sectional,M00_BS_FLAT,12,38.89727355003219,26.213887595644945,34.01785729910276,0.0,,,,,,,,,,,,,,19.56,LOW
2022-08-18,DEV,PM,cross_sectional_reference,M01_MARKET_IV_REFERENCE,12,0.5671859816074514,0.3358222298182481,0.31139662386060873,0.8333333333333334,,,,,,,,,,,,,"same-quote supplied implied volatility; diagnostic reference, not a fit claim",19.56,LOW
2022-08-18,DEV,PM,cross_sectional,M02_SVI,12,0.6770219148375901,0.40269067504282735,0.8095150465454009,0.5833333333333334,,,,,,,,,,,,,,19.56,LOW
2022-08-18,DEV,PM,cross_sectional,M03_SSVI,12,7.512853695591988,4.377323607833347,6.224638868034866,0.08333333333333333,,,,,,,,,,,,,,19.56,LOW
2022-08-19,DEV,PM,cross_sectional,M10_HESTON,12,0.4452335069294834,0.3443156413656332,1.5004480058470173,0.5,88.66359179999563,O01,C04,unconstrained,5.0,20262962.0,False,artifacts\checkpoints\empirical_real_calibrations\4a137cf6bb3b83f3\f328cf3db3985a22763ba506ac957ca38e102755177be530135567122f34d9b5.json,88.66359179999563,True,CONVERGENCE: RELATIVE REDUCTION OF F <= FACTR*EPSMCH,0.8494692874325924,,20.6,MEDIUM
2022-08-19,DEV,PM,cross_sectional,M00_BS_FLAT,12,36.69522135290951,25.446325490719683,32.49369677552515,0.0,,,,,,,,,,,,,,20.6,MEDIUM
2022-08-19,DEV,PM,cross_sectional_reference,M01_MARKET_IV_REFERENCE,12,0.4718194452684359,0.27240599697054085,0.2807285813077332,0.9166666666666666,,,,,,,,,,,,,"same-quote supplied implied volatility; diagnostic reference, not a fit claim",20.6,MEDIUM
2022-08-19,DEV,PM,cross_sectional,M02_SVI,12,0.7003046312640042,0.47386947823261805,1.5851265969398585,0.4166666666666667,,,,,,,,,,,,,,20.6,MEDIUM
2022-08-19,DEV,PM,cross_sectional,M03_SSVI,12,6.189747552869218,3.703942904900744,6.833746637264348,0.08333333333333333,,,,,,,,,,,,,,20.6,MEDIUM
2022-08-22,DEV,PM,cross_sectional,M10_HESTON,12,0.48855310566858745,0.38719027724259075,1.4430006789536267,0.5,56.73307280000154,O01,C04,unconstrained,5.0,20262963.0,False,artifacts\checkpoints\empirical_real_calibrations\4a137cf6bb3b83f3\5e503b28f5c5bddc1eab3fcb2878bab257f42ab78c06f76ce9e03f254d2bf329.json,56.73307280000154,True,CONVERGENCE: RELATIVE REDUCTION OF F <= FACTR*EPSMCH,0.7384394566399061,,23.8,MEDIUM
2022-08-22,DEV,PM,cross_sectional,M00_BS_FLAT,12,34.01156506260117,23.34154291696559,33.88290029002061,0.0,,,,,,,,,,,,,,23.8,MEDIUM
2022-08-22,DEV,PM,cross_sectional_reference,M01_MARKET_IV_REFERENCE,12,0.6074380722362654,0.35549677168101246,0.354896962714592,0.8333333333333334,,,,,,,,,,,,,"same-quote supplied implied volatility; diagnostic reference, not a fit claim",23.8,MEDIUM
2022-08-22,DEV,PM,cross_sectional,M02_SVI,12,0.7514540628297971,0.4449650488090214,0.7539154013276355,0.5,,,,,,,,,,,,,,23.8,MEDIUM
2022-08-22,DEV,PM,cross_sectional,M03_SSVI,12,1.8339326493974182,1.3208793756503212,5.129373183340335,0.25,,,,,,,,,,,,,,23.8,MEDIUM
2022-08-23,DEV,PM,cross_sectional,M10_HESTON,12,0.5138478491368389,0.4307015441210003,1.836737317827065,0.3333333333333333,40.03245109999989,O01,C04,unconstrained,5.0,20262964.0,False,artifacts\checkpoints\empirical_real_calibrations\4a137cf6bb3b83f3\e0e744abd5162a9ab8e73ce651657029ddd608b5d69edc155027b89afbdda687.json,40.03245109999989,True,CONVERGENCE: RELATIVE REDUCTION OF F <= FACTR*EPSMCH,1.0322830727611307,,24.11,MEDIUM
2022-08-23,DEV,PM,cross_sectional,M00_BS_FLAT,12,31.7252170934695,21.59308145747131,30.836775461894916,0.0,,,,,,,,,,,,,,24.11,MEDIUM
2022-08-23,DEV,PM,cross_sectional_reference,M01_MARKET_IV_REFERENCE,12,0.5530056613004527,0.3151586678759739,0.3456684624949257,0.8333333333333334,,,,,,,,,,,,,"same-quote supplied implied volatility; diagnostic reference, not a fit claim",24.11,MEDIUM
2022-08-23,DEV,PM,cross_sectional,M02_SVI,12,0.7287868837965586,0.4230452877466691,0.70139575377385,0.5,,,,,,,,,,,,,,24.11,MEDIUM
2022-08-23,DEV,PM,cross_sectional,M03_SSVI,12,1.4965536174343053,1.1672612953389951,5.779218560439472,0.4166666666666667,,,,,,,,,,,,,,24.11,MEDIUM
2022-08-24,DEV,PM,cross_sectional,M10_HESTON,12,0.49967086838230756,0.36268492035655414,1.7985040088950306,0.5,52.39908060000016,O01,C04,unconstrained,5.0,20262965.0,False,artifacts\checkpoints\empirical_real_calibrations\4a137cf6bb3b83f3\3d26d2e3672dc4c41020744cd6e5281ec9c4a41cd6cca7ceaedb29f9b4a919d1.json,52.39908060000016,True,CONVERGENCE: RELATIVE REDUCTION OF F <= FACTR*EPSMCH,1.085803100360221,,22.82,MEDIUM
2022-08-24,DEV,PM,cross_sectional,M00_BS_FLAT,12,30.797292387235878,20.989752392970757,33.54855288730053,0.08333333333333333,,,,,,,,,,,,,,22.82,MEDIUM
2022-08-24,DEV,PM,cross_sectional_reference,M01_MARKET_IV_REFERENCE,12,0.5845311220118489,0.33180274005369464,0.3699773692386202,0.8333333333333334,,,,,,,,,,,,,"same-quote supplied implied volatility; diagnostic reference, not a fit claim",22.82,MEDIUM
2022-08-24,DEV,PM,cross_sectional,M02_SVI,12,0.7864081950979245,0.4751291817519934,1.0984317310945222,0.5833333333333334,,,,,,,,,,,,,,22.82,MEDIUM
2022-08-24,DEV,PM,cross_sectional,M03_SSVI,12,1.7300013368615452,1.1418654675423834,7.803982453191226,0.16666666666666666,,,,,,,,,,,,,,22.82,MEDIUM
2022-08-26,DEV,PM,cross_sectional,M10_HESTON,12,0.8557258722527166,0.6404169375415661,3.2082266204027876,0.4166666666666667,55.14982400000008,O01,C04,unconstrained,5.0,20262968.0,False,artifacts\checkpoints\empirical_real_calibrations\4a137cf6bb3b83f3\f421fee978cb8f1900eb2a350a8acdf69b86aa0243c3423090339d95f2e138aa.json,55.14982400000008,True,CONVERGENCE: RELATIVE REDUCTION OF F <= FACTR*EPSMCH,1.9180978459834799,,25.56,MEDIUM
2022-08-26,DEV,PM,cross_sectional,M00_BS_FLAT,12,33.36369228308036,22.828057355064047,28.496939499117786,0.0,,,,,,,,,,,,,,25.56,MEDIUM
2022-08-26,DEV,PM,cross_sectional_reference,M01_MARKET_IV_REFERENCE,12,0.513117038037376,0.30671949356860734,0.21937515177930053,1.0,,,,,,,,,,,,,"same-quote supplied implied volatility; diagnostic reference, not a fit claim",25.56,MEDIUM
2022-08-26,DEV,PM,cross_sectional,M02_SVI,12,0.777748236373214,0.4901691665585081,1.1588162859416362,0.5833333333333334,,,,,,,,,,,,,,25.56,MEDIUM
2022-08-26,DEV,PM,cross_sectional,M03_SSVI,12,3.4010684420867614,2.397426971942896,8.443400928187126,0.25,,,,,,,,,,,,,,25.56,MEDIUM
2022-08-29,DEV,PM,cross_sectional,M10_HESTON,12,0.5977823406424896,0.4088654244898671,2.5702114753117575,0.5833333333333334,63.39578369999799,O01,C04,unconstrained,5.0,20262969.0,False,artifacts\checkpoints\empirical_real_calibrations\4a137cf6bb3b83f3\c3efdabd8c03dd08469e924ee78b65a06e64dcd87589a32e636886d398c82fbd.json,63.39578369999799,True,CONVERGENCE: RELATIVE REDUCTION OF F <= FACTR*EPSMCH,1.3350877013232127,,26.21,MEDIUM
2022-08-29,DEV,PM,cross_sectional,M00_BS_FLAT,12,31.346977850328514,21.019033961602876,29.384249543527275,0.0,,,,,,,,,,,,,,26.21,MEDIUM
2022-08-29,DEV,PM,cross_sectional_reference,M01_MARKET_IV_REFERENCE,12,0.47801910596902963,0.28482083679303,0.3054419951004293,0.8333333333333334,,,,,,,,,,,,,"same-quote supplied implied volatility; diagnostic reference, not a fit claim",26.21,MEDIUM
2022-08-29,DEV,PM,cross_sectional,M02_SVI,12,0.8079425143811957,0.5577055870648926,1.5584230780614006,0.3333333333333333,,,,,,,,,,,,,,26.21,MEDIUM
2022-08-29,DEV,PM,cross_sectional,M03_SSVI,12,3.7254571844327353,2.460445226648666,5.92177769791327,0.16666666666666666,,,,,,,,,,,,,,26.21,MEDIUM
2022-08-30,DEV,PM,cross_sectional,M10_HESTON,12,0.6578014686040599,0.4780590204388639,1.5252944355404006,0.6666666666666666,60.419601699999475,O01,C04,unconstrained,5.0,20262970.0,False,artifacts\checkpoints\empirical_real_calibrations\4a137cf6bb3b83f3\595517baf48aa814720d7b98ed2c6d122553f31769f11e52e157d8c72e265a0e.json,60.419601699999475,True,CONVERGENCE: RELATIVE REDUCTION OF F <= FACTR*EPSMCH,0.7305469488270213,,26.21,MEDIUM
2022-08-30,DEV,PM,cross_sectional,M00_BS_FLAT,12,31.467386340276114,20.649131905315897,23.496855070599178,0.0,,,,,,,,,,,,,,26.21,MEDIUM
2022-08-30,DEV,PM,cross_sectional_reference,M01_MARKET_IV_REFERENCE,12,0.45983457710649833,0.2732525232092334,0.19419456137315394,1.0,,,,,,,,,,,,,"same-quote supplied implied volatility; diagnostic reference, not a fit claim",26.21,MEDIUM
2022-08-30,DEV,PM,cross_sectional,M02_SVI,12,0.825042418465298,0.5632419310559144,1.50165070805099,0.5,,,,,,,,,,,,,,26.21,MEDIUM
2022-08-30,DEV,PM,cross_sectional,M03_SSVI,12,5.7966709153357305,3.5209881966041228,3.9451261194305833,0.08333333333333333,,,,,,,,,,,,,,26.21,MEDIUM
2022-08-31,DEV,PM,cross_sectional,M10_HESTON,12,0.7484846949516336,0.5416593480820363,2.2920363774318555,0.4166666666666667,107.69729279999592,O01,C04,unconstrained,5.0,20262971.0,False,artifacts\checkpoints\empirical_real_calibrations\4a137cf6bb3b83f3\6f1e2775615e5be52454304318b3742d745a6c647ede51f3a6284b8c68fbe0d9.json,107.69729279999592,True,CONVERGENCE: RELATIVE REDUCTION OF F <= FACTR*EPSMCH,1.3239020732309243,,25.87,MEDIUM
2022-08-31,DEV,PM,cross_sectional,M00_BS_FLAT,12,31.60057771776076,20.22559625127705,26.34880431941599,0.0,,,,,,,,,,,,,,25.87,MEDIUM
2022-08-31,DEV,PM,cross_sectional_reference,M01_MARKET_IV_REFERENCE,12,0.41322136092035183,0.2434187792556813,0.2542302779420419,0.9166666666666666,,,,,,,,,,,,,"same-quote supplied implied volatility; diagnostic reference, not a fit claim",25.87,MEDIUM
2022-08-31,DEV,PM,cross_sectional,M02_SVI,12,0.7410619568545048,0.5041536671793797,1.5422854294970165,0.5,,,,,,,,,,,,,,25.87,MEDIUM
2022-08-31,DEV,PM,cross_sectional,M03_SSVI,12,7.013865611269502,4.130610675923013,4.535082094710742,0.16666666666666666,,,,,,,,,,,,,,25.87,MEDIUM
2022-09-01,DEV,PM,cross_sectional,M10_HESTON,12,0.6217117983048072,0.49861458897714206,2.2998463674245793,0.25,51.850212099998316,O01,C04,unconstrained,5.0,20262972.0,False,artifacts\checkpoints\empirical_real_calibrations\4a137cf6bb3b83f3\fecf4313633de5410837ee5845c9ecf512957f48a1022e2fa10ec87a1ea08d1e.json,51.850212099998316,True,CONVERGENCE: RELATIVE REDUCTION OF F <= FACTR*EPSMCH,1.428484187992454,,25.56,MEDIUM
2022-09-01,DEV,PM,cross_sectional,M00_BS_FLAT,12,29.28249644638522,18.85018213773987,29.55084710053004,0.0,,,,,,,,,,,,,,25.56,MEDIUM
2022-09-01,DEV,PM,cross_sectional_reference,M01_MARKET_IV_REFERENCE,12,0.5156767108574518,0.3025392281103361,0.3550697972593103,0.8333333333333334,,,,,,,,,,,,,"same-quote supplied implied volatility; diagnostic reference, not a fit claim",25.56,MEDIUM
2022-09-01,DEV,PM,cross_sectional,M02_SVI,12,0.7608144995793491,0.48108764470911597,1.0734821380990118,0.4166666666666667,,,,,,,,,,,,,,25.56,MEDIUM
2022-09-01,DEV,PM,cross_sectional,M03_SSVI,12,6.808251232368288,4.4686715634591705,7.6994575232685625,0.08333333333333333,,,,,,,,,,,,,,25.56,MEDIUM
2022-09-02,DEV,PM,cross_sectional,M10_HESTON,12,0.7000736571019571,0.5482525317943153,2.3088930059982786,0.5833333333333334,41.93965929999831,O01,C04,unconstrained,5.0,20262973.0,False,artifacts\checkpoints\empirical_real_calibrations\4a137cf6bb3b83f3\8a995cd552aa6906fa5a005ec4f818b2435a7b7a0dc82257c2b196fc72bbf421.json,41.93965929999831,True,CONVERGENCE: RELATIVE REDUCTION OF F <= FACTR*EPSMCH,1.384561086854859,,25.47,MEDIUM
2022-09-02,DEV,PM,cross_sectional,M00_BS_FLAT,12,27.923496081658815,18.99227797884891,17.89821892527412,0.0,,,,,,,,,,,,,,25.47,MEDIUM
2022-09-02,DEV,PM,cross_sectional_reference,M01_MARKET_IV_REFERENCE,12,0.342378267545226,0.19945860370243418,0.13053635211328732,1.0,,,,,,,,,,,,,"same-quote supplied implied volatility; diagnostic reference, not a fit claim",25.47,MEDIUM
2022-09-02,DEV,PM,cross_sectional,M02_SVI,12,0.7357119225852715,0.5146986551077805,0.9482682174723545,0.6666666666666666,,,,,,,,,,,,,,25.47,MEDIUM
2022-09-02,DEV,PM,cross_sectional,M03_SSVI,12,8.219037853221506,5.072028454613615,7.665856793201167,0.08333333333333333,,,,,,,,,,,,,,25.47,MEDIUM
2022-09-06,DEV,PM,cross_sectional,M10_HESTON,12,0.7022829980987245,0.5292193628279126,2.64798920120443,0.4166666666666667,13.503100400004769,O01,C04,unconstrained,5.0,20262974.0,False,artifacts\checkpoints\empirical_real_calibrations\4a137cf6bb3b83f3\11eb917c970d38a2be40265a2e1692b935848f2b712ec7c9f0f23cfc2832162c.json,13.503100400004769,True,CONVERGENCE: RELATIVE REDUCTION OF F <= FACTR*EPSMCH,1.461112971235855,,26.91,MEDIUM
2022-09-06,DEV,PM,cross_sectional,M00_BS_FLAT,12,28.862782087305256,19.642840183647444,28.69148089122063,0.0,,,,,,,,,,,,,,26.91,MEDIUM
2022-09-06,DEV,PM,cross_sectional_reference,M01_MARKET_IV_REFERENCE,12,0.2564214114358404,0.14897393574890777,0.16147011288445684,1.0,,,,,,,,,,,,,"same-quote supplied implied volatility; diagnostic reference, not a fit claim",26.91,MEDIUM
2022-09-06,DEV,PM,cross_sectional,M02_SVI,12,0.6748353226128936,0.4989478020480065,1.7967359783861159,0.5,,,,,,,,,,,,,,26.91,MEDIUM
2022-09-06,DEV,PM,cross_sectional,M03_SSVI,12,9.18889855309551,5.804083170752808,10.829416387057462,0.0,,,,,,,,,,,,,,26.91,MEDIUM
2022-09-07,DEV,PM,cross_sectional,M10_HESTON,12,0.8082468939095968,0.6122630309688372,3.1985377912180204,0.16666666666666666,47.44464720000542,O01,C04,unconstrained,5.0,20262975.0,False,artifacts\checkpoints\empirical_real_calibrations\4a137cf6bb3b83f3\dfed6940da08536c1ff7ab468b1447822bcd50a4a3b003d6efed7c4d03a66bf3.json,47.44464720000542,True,CONVERGENCE: RELATIVE REDUCTION OF F <= FACTR*EPSMCH,2.16483144255902,,24.64,MEDIUM
2022-09-07,DEV,PM,cross_sectional,M00_BS_FLAT,12,27.251616563997317,18.90508740702268,23.11686428791152,0.0,,,,,,,,,,,,,,24.64,MEDIUM
2022-09-07,DEV,PM,cross_sectional_reference,M01_MARKET_IV_REFERENCE,12,0.3234038420419441,0.18925091004908112,0.18692024728595388,1.0,,,,,,,,,,,,,"same-quote supplied implied volatility; diagnostic reference, not a fit claim",24.64,MEDIUM
2022-09-07,DEV,PM,cross_sectional,M02_SVI,12,0.7100267887549907,0.5042486055210097,1.5964200061375617,0.5,,,,,,,,,,,,,,24.64,MEDIUM
2022-09-07,DEV,PM,cross_sectional,M03_SSVI,12,5.846701121717315,3.67666738486833,5.860083726614561,0.08333333333333333,,,,,,,,,,,,,,24.64,MEDIUM
2022-09-08,DEV,PM,cross_sectional,M10_HESTON,12,0.8331878602605249,0.6271915995300604,2.9323776314562178,0.4166666666666667,39.77958460000082,O01,C04,unconstrained,5.0,20262976.0,False,artifacts\checkpoints\empirical_real_calibrations\4a137cf6bb3b83f3\ba4b4482e6eccffb2b7850f82ce7237eb0a1b733129e596a8f0393e9c102cd98.json,39.77958460000082,True,CONVERGENCE: RELATIVE REDUCTION OF F <= FACTR*EPSMCH,1.9461472605431804,,23.61,MEDIUM
2022-09-08,DEV,PM,cross_sectional,M00_BS_FLAT,12,28.269819603951102,19.790838092214084,29.830086790652764,0.0,,,,,,,,,,,,,,23.61,MEDIUM
2022-09-08,DEV,PM,cross_sectional_reference,M01_MARKET_IV_REFERENCE,12,0.3309689249530782,0.19395385163003112,0.20227166429410304,1.0,,,,,,,,,,,,,"same-quote supplied implied volatility; diagnostic reference, not a fit claim",23.61,MEDIUM
2022-09-08,DEV,PM,cross_sectional,M02_SVI,12,0.7171182391944935,0.47088182866663225,0.7013833590974031,0.5,,,,,,,,,,,,,,23.61,MEDIUM
2022-09-08,DEV,PM,cross_sectional,M03_SSVI,12,4.216578137097314,2.7314868329640967,7.731177997087728,0.08333333333333333,,,,,,,,,,,,,,23.61,MEDIUM
2022-09-09,DEV,PM,cross_sectional,M10_HESTON,12,0.9646036240492638,0.6471675915171103,3.924861274719139,0.3333333333333333,54.40198070000042,O01,C04,unconstrained,5.0,20262977.0,False,artifacts\checkpoints\empirical_real_calibrations\4a137cf6bb3b83f3\5dd412438d6df077d58b1103fe94df2b9ce3cc12e342ee96e0b37f093b3c9919.json,54.40198070000042,True,CONVERGENCE: RELATIVE REDUCTION OF F <= FACTR*EPSMCH,2.9428570652083974,,22.79,MEDIUM
2022-09-09,DEV,PM,cross_sectional,M00_BS_FLAT,12,27.974506102255717,19.793469965653514,26.97676000952218,0.0,,,,,,,,,,,,,,22.79,MEDIUM
2022-09-09,DEV,PM,cross_sectional_reference,M01_MARKET_IV_REFERENCE,12,0.4286125055621178,0.24695205002218304,0.267280124990899,0.8333333333333334,,,,,,,,,,,,,"same-quote supplied implied volatility; diagnostic reference, not a fit claim",22.79,MEDIUM
2022-09-09,DEV,PM,cross_sectional,M02_SVI,12,0.6634817778391234,0.4006051932651454,0.6799871231932466,0.6666666666666666,,,,,,,,,,,,,,22.79,MEDIUM
2022-09-09,DEV,PM,cross_sectional,M03_SSVI,12,2.681651854934632,1.930460567514826,11.835358862032056,0.25,,,,,,,,,,,,,,22.79,MEDIUM
2022-09-12,DEV,PM,cross_sectional,M10_HESTON,12,0.6388985140154874,0.5417815671149147,3.5792130713884602,0.3333333333333333,86.02833229999669,O01,C04,unconstrained,5.0,20262978.0,False,artifacts\checkpoints\empirical_real_calibrations\4a137cf6bb3b83f3\659046e5810cbe4ddd4d1e9bfa6e68c481459fe634979c362dc1e3e4db794414.json,86.02833229999669,True,CONVERGENCE: RELATIVE REDUCTION OF F <= FACTR*EPSMCH,2.5512773758036573,,23.87,MEDIUM
2022-09-12,DEV,PM,cross_sectional,M00_BS_FLAT,12,27.24565069390159,18.930594891443594,26.53031978189563,0.0,,,,,,,,,,,,,,23.87,MEDIUM
2022-09-12,DEV,PM,cross_sectional_reference,M01_MARKET_IV_REFERENCE,12,0.3907082400208855,0.23731911046633836,0.2513956961175488,1.0,,,,,,,,,,,,,"same-quote supplied implied volatility; diagnostic reference, not a fit claim",23.87,MEDIUM
2022-09-12,DEV,PM,cross_sectional,M02_SVI,12,0.6468817804782482,0.3718377968294289,0.5276628606353934,0.6666666666666666,,,,,,,,,,,,,,23.87,MEDIUM
2022-09-12,DEV,PM,cross_sectional,M03_SSVI,12,1.4250552839662003,1.0682078781290059,9.152931283197846,0.16666666666666666,,,,,,,,,,,,,,23.87,MEDIUM
2022-09-13,DEV,PM,cross_sectional,M10_HESTON,12,0.9279054970866712,0.7697525466356873,2.444330413699166,0.5,43.44832830000087,O01,C04,unconstrained,5.0,20262979.0,False,artifacts\checkpoints\empirical_real_calibrations\4a137cf6bb3b83f3\27f6db8606bf168872a4f87f2703d7a26285d0d949d11f1a5a2f0fe15a2d443a.json,43.44832830000087,True,CONVERGENCE: RELATIVE REDUCTION OF F <= FACTR*EPSMCH,1.7453648183964174,,27.27,MEDIUM
2022-09-13,DEV,PM,cross_sectional,M00_BS_FLAT,12,27.83360811363728,19.556038886994745,15.556174355199067,0.0,,,,,,,,,,,,,,27.27,MEDIUM
2022-09-13,DEV,PM,cross_sectional_reference,M01_MARKET_IV_REFERENCE,12,0.42566948201232574,0.24991001339005806,0.13773948854612467,1.0,,,,,,,,,,,,,"same-quote supplied implied volatility; diagnostic reference, not a fit claim",27.27,MEDIUM
2022-09-13,DEV,PM,cross_sectional,M02_SVI,12,0.8328169734533198,0.5517804002294385,0.578494664457963,0.6666666666666666,,,,,,,,,,,,,,27.27,MEDIUM
2022-09-13,DEV,PM,cross_sectional,M03_SSVI,12,7.705481177226459,5.344173702163373,7.701406997574231,0.08333333333333333,,,,,,,,,,,,,,27.27,MEDIUM
2022-09-14,DEV,PM,cross_sectional,M10_HESTON,12,0.7122232364453993,0.5934500337997728,1.8587648484417127,0.3333333333333333,60.84526190000179,O01,C04,unconstrained,5.0,20262980.0,False,artifacts\checkpoints\empirical_real_calibrations\4a137cf6bb3b83f3\ee06ccff4a0237dbc994917dadac69ee448efffc1861b100926da2287dcc448d.json,60.84526190000179,True,CONVERGENCE: RELATIVE REDUCTION OF F <= FACTR*EPSMCH,1.2352351669671051,,26.16,MEDIUM
2022-09-14,DEV,PM,cross_sectional,M00_BS_FLAT,12,28.341509375462945,19.45622595007653,23.237476588860517,0.0,,,,,,,,,,,,,,26.16,MEDIUM
2022-09-14,DEV,PM,cross_sectional_reference,M01_MARKET_IV_REFERENCE,12,0.4257840011972765,0.2506840890619882,0.21589436455448469,1.0,,,,,,,,,,,,,"same-quote supplied implied volatility; diagnostic reference, not a fit claim",26.16,MEDIUM
2022-09-14,DEV,PM,cross_sectional,M02_SVI,12,0.8722203037055614,0.6135317112899151,1.1065940160798706,0.4166666666666667,,,,,,,,,,,,,,26.16,MEDIUM
2022-09-14,DEV,PM,cross_sectional,M03_SSVI,12,6.953303513298948,4.511504444555431,7.6640058578827945,0.08333333333333333,,,,,,,,,,,,,,26.16,MEDIUM
2022-09-15,DEV,PM,cross_sectional,M10_HESTON,12,0.6671311937991753,0.5064283526144725,1.5809660610502805,0.5,51.6413332000011,O01,C04,unconstrained,5.0,20262981.0,False,artifacts\checkpoints\empirical_real_calibrations\4a137cf6bb3b83f3\25c35a0f03e4dc226ca98be2657495add92adc3ec0bd7e50698f2b1946768c54.json,51.6413332000011,True,CONVERGENCE: RELATIVE REDUCTION OF F <= FACTR*EPSMCH,0.8515389249234339,,26.27,MEDIUM
2022-09-15,DEV,PM,cross_sectional,M00_BS_FLAT,12,28.016021728994605,18.90389458955491,21.634048580716637,0.0,,,,,,,,,,,,,,26.27,MEDIUM
2022-09-15,DEV,PM,cross_sectional_reference,M01_MARKET_IV_REFERENCE,12,0.47492325501945415,0.2768901362168222,0.23582636687127284,0.9166666666666666,,,,,,,,,,,,,"same-quote supplied implied volatility; diagnostic reference, not a fit claim",26.27,MEDIUM
2022-09-15,DEV,PM,cross_sectional,M02_SVI,12,0.8433308647940029,0.564964131308808,0.8932330671881377,0.5,,,,,,,,,,,,,,26.27,MEDIUM
2022-09-15,DEV,PM,cross_sectional,M03_SSVI,12,8.470552453745425,5.2161692991230675,6.045937345105682,0.16666666666666666,,,,,,,,,,,,,,26.27,MEDIUM
2022-09-16,DEV,PM,cross_sectional,M10_HESTON,12,0.654475588146125,0.4747317586524679,2.230887732604505,0.4166666666666667,44.464914999996836,O01,C04,unconstrained,5.0,20262982.0,False,artifacts\checkpoints\empirical_real_calibrations\4a137cf6bb3b83f3\a05702944ea2d981818fb9c160b264794495d0011eb3b31835b4eb4a5a8da0cb.json,44.464914999996836,True,CONVERGENCE: RELATIVE REDUCTION OF F <= FACTR*EPSMCH,1.285360786297909,,26.3,MEDIUM
2022-09-16,DEV,PM,cross_sectional,M00_BS_FLAT,12,29.963985142265898,19.343185815642105,26.88396573796966,0.0,,,,,,,,,,,,,,26.3,MEDIUM
2022-09-16,DEV,PM,cross_sectional_reference,M01_MARKET_IV_REFERENCE,12,0.39085071193600446,0.22714327897838762,0.21143575990419294,1.0,,,,,,,,,,,,,"same-quote supplied implied volatility; diagnostic reference, not a fit claim",26.3,MEDIUM
2022-09-16,DEV,PM,cross_sectional,M02_SVI,12,0.9293076312310354,0.6782564798164824,2.2821379978023386,0.4166666666666667,,,,,,,,,,,,,,26.3,MEDIUM
2022-09-16,DEV,PM,cross_sectional,M03_SSVI,12,8.731506348460245,5.491415221216129,12.450991002977327,0.08333333333333333,,,,,,,,,,,,,,26.3,MEDIUM
2022-09-19,DEV,PM,cross_sectional,M10_HESTON,12,0.7624327023215208,0.5659170826888843,1.6316897719632841,0.5833333333333334,54.03935079999792,O01,C04,unconstrained,5.0,20262983.0,False,artifacts\checkpoints\empirical_real_calibrations\4a137cf6bb3b83f3\fd9284f8192c323c3a169e7c4eec56a3c40b43b4d31e408432aad106e375be99.json,54.03935079999792,True,CONVERGENCE: RELATIVE REDUCTION OF F <= FACTR*EPSMCH,0.9950143620858438,,25.76,MEDIUM
2022-09-19,DEV,PM,cross_sectional,M00_BS_FLAT,12,27.1127024033096,18.121288115668726,20.7777030898586,0.0,,,,,,,,,,,,,,25.76,MEDIUM
2022-09-19,DEV,PM,cross_sectional_reference,M01_MARKET_IV_REFERENCE,12,0.3941104127139458,0.22968156105640913,0.19055255793425752,1.0,,,,,,,,,,,,,"same-quote supplied implied volatility; diagnostic reference, not a fit claim",25.76,MEDIUM
2022-09-19,DEV,PM,cross_sectional,M02_SVI,12,0.9598137228540862,0.7040732497006733,1.8935025526330036,0.4166666666666667,,,,,,,,,,,,,,25.76,MEDIUM
2022-09-19,DEV,PM,cross_sectional,M03_SSVI,12,8.309880806431723,5.013135490347458,5.661989735719737,0.16666666666666666,,,,,,,,,,,,,,25.76,MEDIUM
2022-09-20,DEV,PM,cross_sectional,M10_HESTON,12,0.6832995124516391,0.5029299815785296,1.2127934817049264,0.3333333333333333,32.09130319999531,O01,C04,unconstrained,5.0,20262984.0,False,artifacts\checkpoints\empirical_real_calibrations\4a137cf6bb3b83f3\6b479bc743b3bafa60bc6057aff3d92c72a33c6eda821c5eed9020fc2fd2e6f0.json,32.09130319999531,True,CONVERGENCE: RELATIVE REDUCTION OF F <= FACTR*EPSMCH,0.5825846499250844,,27.16,MEDIUM
2022-09-20,DEV,PM,cross_sectional,M00_BS_FLAT,12,31.23243710171103,20.872278918787305,26.02048564804055,0.0,,,,,,,,,,,,,,27.16,MEDIUM
2022-09-20,DEV,PM,cross_sectional_reference,M01_MARKET_IV_REFERENCE,12,0.4508687702857398,0.25484418095482725,0.2556464480676861,0.9166666666666666,,,,,,,,,,,,,"same-quote supplied implied volatility; diagnostic reference, not a fit claim",27.16,MEDIUM
2022-09-20,DEV,PM,cross_sectional,M02_SVI,12,0.8709728483529127,0.6080283873715632,1.3484113845662529,0.5833333333333334,,,,,,,,,,,,,,27.16,MEDIUM
2022-09-20,DEV,PM,cross_sectional,M03_SSVI,12,9.205260249780665,5.631954979807076,6.245484408205551,0.16666666666666666,,,,,,,,,,,,,,27.16,MEDIUM
2022-09-21,DEV,PM,cross_sectional,M10_HESTON,12,0.8883710733742207,0.6401958494942543,1.5489071053609689,0.3333333333333333,41.453459999996994,O01,C04,unconstrained,5.0,20262985.0,False,artifacts\checkpoints\empirical_real_calibrations\4a137cf6bb3b83f3\2994c9d65ffe89b8642c1b2c933281416f83d8841119821fb3e1db0cf53f750f.json,41.453459999996994,True,CONVERGENCE: RELATIVE REDUCTION OF F <= FACTR*EPSMCH,0.8169643276922144,,27.99,MEDIUM
2022-09-21,DEV,PM,cross_sectional,M00_BS_FLAT,12,29.337585874946253,19.43397252466966,25.222343700867327,0.08333333333333333,,,,,,,,,,,,,,27.99,MEDIUM
2022-09-21,DEV,PM,cross_sectional_reference,M01_MARKET_IV_REFERENCE,12,0.4624909163824695,0.2650569891033527,0.209749038114557,1.0,,,,,,,,,,,,,"same-quote supplied implied volatility; diagnostic reference, not a fit claim",27.99,MEDIUM
2022-09-21,DEV,PM,cross_sectional,M02_SVI,12,0.9929913833211724,0.6908450161390446,1.724946556182227,0.5,,,,,,,,,,,,,,27.99,MEDIUM
2022-09-21,DEV,PM,cross_sectional,M03_SSVI,12,7.634884820572731,5.042771945094174,7.613792566543934,0.16666666666666666,,,,,,,,,,,,,,27.99,MEDIUM
2022-09-22,DEV,PM,cross_sectional,M10_HESTON,12,0.7515044321984001,0.5467260237930964,1.249457464409327,0.3333333333333333,38.00237729999935,O01,C04,unconstrained,5.0,20262986.0,False,artifacts\checkpoints\empirical_real_calibrations\4a137cf6bb3b83f3\bea5989afbf23a85d1c221153392c14e3f10f513a34164b54b1798eede997cff.json,38.00237729999935,True,CONVERGENCE: RELATIVE REDUCTION OF F <= FACTR*EPSMCH,0.6046638564892945,,27.35,MEDIUM
2022-09-22,DEV,PM,cross_sectional,M00_BS_FLAT,12,24.871717806483872,16.479172909834045,21.28065103830332,0.0,,,,,,,,,,,,,,27.35,MEDIUM
2022-09-22,DEV,PM,cross_sectional_reference,M01_MARKET_IV_REFERENCE,12,0.49068448126852043,0.2649085482778653,0.2674696823380267,0.8333333333333334,,,,,,,,,,,,,"same-quote supplied implied volatility; diagnostic reference, not a fit claim",27.35,MEDIUM
2022-09-22,DEV,PM,cross_sectional,M02_SVI,12,0.9290643786110725,0.6221109934119649,0.9899315026229452,0.4166666666666667,,,,,,,,,,,,,,27.35,MEDIUM
2022-09-22,DEV,PM,cross_sectional,M03_SSVI,12,5.692548641579281,3.698169366770767,5.0470769511809355,0.16666666666666666,,,,,,,,,,,,,,27.35,MEDIUM
2022-09-23,DEV,PM,cross_sectional,M10_HESTON,12,0.6062666820247306,0.48387776833756857,1.2732996068292959,0.5833333333333334,32.27476749999914,O01,C04,unconstrained,5.0,20262987.0,False,artifacts\checkpoints\empirical_real_calibrations\4a137cf6bb3b83f3\93fb3f3477b9e4d79b204f7e2c00c8f0980690fd08165cd429ab004e8a42f7db.json,32.27476749999914,True,CONVERGENCE: RELATIVE REDUCTION OF F <= FACTR*EPSMCH,0.5729192680509495,,29.92,MEDIUM
2022-09-23,DEV,PM,cross_sectional,M00_BS_FLAT,12,30.420986802982746,20.18002313212136,12.163612692853707,0.0,,,,,,,,,,,,,,29.92,MEDIUM
2022-09-23,DEV,PM,cross_sectional_reference,M01_MARKET_IV_REFERENCE,12,0.621266431101615,0.38172191803485017,0.16030096730405707,1.0,,,,,,,,,,,,,"same-quote supplied implied volatility; diagnostic reference, not a fit claim",29.92,MEDIUM
2022-09-23,DEV,PM,cross_sectional,M02_SVI,12,1.0517251919139523,0.7073301867158793,1.2805466017374498,0.5833333333333334,,,,,,,,,,,,,,29.92,MEDIUM
2022-09-23,DEV,PM,cross_sectional,M03_SSVI,12,2.9330685645262737,2.1743259957669587,4.272295862114621,0.3333333333333333,,,,,,,,,,,,,,29.92,MEDIUM
2022-09-26,DEV,PM,cross_sectional,M10_HESTON,12,0.6030535801064668,0.47898909918462884,1.1874705275720205,0.5,50.914172299999336,O01,C04,unconstrained,5.0,20262988.0,False,artifacts\checkpoints\empirical_real_calibrations\4a137cf6bb3b83f3\06489d805159546086f48fdbab372bae09ffd97bce9d3c0ddd82e5ae61c9b8be.json,50.914172299999336,True,CONVERGENCE: RELATIVE REDUCTION OF F <= FACTR*EPSMCH,0.5549151981543542,,32.26,HIGH
2022-09-26,DEV,PM,cross_sectional,M00_BS_FLAT,12,31.903521486580352,21.272963720363617,16.382819377718885,0.0,,,,,,,,,,,,,,32.26,HIGH
2022-09-26,DEV,PM,cross_sectional_reference,M01_MARKET_IV_REFERENCE,12,0.5139437818612114,0.31882553090825233,0.18596937878392614,1.0,,,,,,,,,,,,,"same-quote supplied implied volatility; diagnostic reference, not a fit claim",32.26,HIGH
2022-09-26,DEV,PM,cross_sectional,M02_SVI,12,0.7614739641145688,0.4756070606203598,0.7742446582637549,0.5833333333333334,,,,,,,,,,,,,,32.26,HIGH
2022-09-26,DEV,PM,cross_sectional,M03_SSVI,12,4.773362497286138,2.9428535387550663,2.520189376073633,0.3333333333333333,,,,,,,,,,,,,,32.26,HIGH
2022-09-27,DEV,PM,cross_sectional,M10_HESTON,12,0.5221530971855841,0.4205552515683066,0.776222566203715,0.6666666666666666,39.18303160000505,O01,C04,unconstrained,5.0,20262989.0,False,artifacts\checkpoints\empirical_real_calibrations\4a137cf6bb3b83f3\7794ab7663305bdb65f705ee1447dbaa09fcb1c26cb50b1fcfa7871ae8985351.json,39.18303160000505,True,CONVERGENCE: RELATIVE REDUCTION OF F <= FACTR*EPSMCH,0.2930744309274891,,32.6,HIGH
2022-09-27,DEV,PM,cross_sectional,M00_BS_FLAT,12,30.903444947881876,20.919108989409477,16.59118694658324,0.0,,,,,,,,,,,,,,32.6,HIGH
2022-09-27,DEV,PM,cross_sectional_reference,M01_MARKET_IV_REFERENCE,12,0.4876777965406411,0.300374901247908,0.18683897860968782,1.0,,,,,,,,,,,,,"same-quote supplied implied volatility; diagnostic reference, not a fit claim",32.6,HIGH
2022-09-27,DEV,PM,cross_sectional,M02_SVI,12,0.7268722624418764,0.4655305818904421,0.7587274323746426,0.5833333333333334,,,,,,,,,,,,,,32.6,HIGH
2022-09-27,DEV,PM,cross_sectional,M03_SSVI,12,5.437701388377821,3.4992865376474462,2.885859403985329,0.3333333333333333,,,,,,,,,,,,,,32.6,HIGH
2022-09-28,DEV,PM,cross_sectional,M10_HESTON,12,0.46189735864742243,0.3469363475319563,1.5433592925380004,0.8333333333333334,43.230484600004274,O01,C04,unconstrained,5.0,20262990.0,False,artifacts\checkpoints\empirical_real_calibrations\4a137cf6bb3b83f3\d937bc1033e3c9efcb184a6f67b794298c9df998a37eb36981477e8ef865905a.json,43.230484600004274,True,CONVERGENCE: RELATIVE REDUCTION OF F <= FACTR*EPSMCH,0.7750899793469342,,30.18,HIGH
2022-09-28,DEV,PM,cross_sectional,M00_BS_FLAT,12,29.266311791857458,19.225600871241536,19.020877261444774,0.0,,,,,,,,,,,,,,30.18,HIGH
2022-09-28,DEV,PM,cross_sectional_reference,M01_MARKET_IV_REFERENCE,12,0.6288500803805916,0.38810858501108525,0.2776232221996316,0.8333333333333334,,,,,,,,,,,,,"same-quote supplied implied volatility; diagnostic reference, not a fit claim",30.18,HIGH
2022-09-28,DEV,PM,cross_sectional,M02_SVI,12,0.9041140929524203,0.6653498578164846,1.805439241420765,0.4166666666666667,,,,,,,,,,,,,,30.18,HIGH
2022-09-28,DEV,PM,cross_sectional,M03_SSVI,12,2.17223789587114,1.6370750100905507,5.085122543812816,0.3333333333333333,,,,,,,,,,,,,,30.18,HIGH
2022-09-29,DEV,PM,cross_sectional,M10_HESTON,12,0.4757557297226419,0.37884105826975073,1.5208723490067773,0.5833333333333334,40.76455119999446,O01,C04,unconstrained,5.0,20262991.0,False,artifacts\checkpoints\empirical_real_calibrations\4a137cf6bb3b83f3\86439a888d80fa059b83489b5da6602b6c7635116768d3cf296a39ae0cbd5992.json,40.76455119999446,True,CONVERGENCE: RELATIVE REDUCTION OF F <= FACTR*EPSMCH,0.6876534367424911,,31.84,HIGH
2022-09-29,DEV,PM,cross_sectional,M00_BS_FLAT,12,30.739245459630535,20.84436001644295,18.3802774151995,0.0,,,,,,,,,,,,,,31.84,HIGH
2022-09-29,DEV,PM,cross_sectional_reference,M01_MARKET_IV_REFERENCE,12,0.8078742524454081,0.496062728136942,0.25300912180550605,0.9166666666666666,,,,,,,,,,,,,"same-quote supplied implied volatility; diagnostic reference, not a fit claim",31.84,HIGH
2022-09-29,DEV,PM,cross_sectional,M02_SVI,12,0.9803477310898646,0.6810658724689249,1.1353997028181457,0.5833333333333334,,,,,,,,,,,,,,31.84,HIGH
2022-09-29,DEV,PM,cross_sectional,M03_SSVI,12,6.367729038148878,4.268734983210642,7.052755423616258,0.16666666666666666,,,,,,,,,,,,,,31.84,HIGH
2022-09-30,DEV,PM,cross_sectional,M10_HESTON,12,0.5016386783037603,0.4273822001486313,1.8699132361065816,0.6666666666666666,40.295436399996106,O01,C04,unconstrained,5.0,20262992.0,False,artifacts\checkpoints\empirical_real_calibrations\4a137cf6bb3b83f3\eedefd600735131704041fd375a381dadc943ed1ea129c75823e0421fb171394.json,40.295436399996106,True,CONVERGENCE: RELATIVE REDUCTION OF F <= FACTR*EPSMCH,1.0434180378078148,,31.62,HIGH
2022-09-30,DEV,PM,cross_sectional,M00_BS_FLAT,12,31.596399210208787,20.605604403404467,12.391022554521024,0.0,,,,,,,,,,,,,,31.62,HIGH
2022-09-30,DEV,PM,cross_sectional_reference,M01_MARKET_IV_REFERENCE,12,0.7508925790166496,0.4510658425343566,0.1823048629811572,1.0,,,,,,,,,,,,,"same-quote supplied implied volatility; diagnostic reference, not a fit claim",31.62,HIGH
2022-09-30,DEV,PM,cross_sectional,M02_SVI,12,0.8950332575508188,0.5902442137525706,1.174660235864295,0.6666666666666666,,,,,,,,,,,,,,31.62,HIGH
2022-09-30,DEV,PM,cross_sectional,M03_SSVI,12,8.993222682237962,6.296404652279118,8.422259825430746,0.08333333333333333,,,,,,,,,,,,,,31.62,HIGH
2022-10-03,DEV,PM,cross_sectional,M10_HESTON,12,0.5432515283090954,0.44103789554798184,1.7376149966692618,0.5833333333333334,45.26390060000267,O01,C04,unconstrained,5.0,20262993.0,False,artifacts\checkpoints\empirical_real_calibrations\4a137cf6bb3b83f3\105b418d46dc4cc95541c9726591de0d593a0f682429402e75e3cec229bc6760.json,45.26390060000267,True,CONVERGENCE: RELATIVE REDUCTION OF F <= FACTR*EPSMCH,0.8654044021799309,,30.1,HIGH
2022-10-03,DEV,PM,cross_sectional,M00_BS_FLAT,12,27.070632453932475,18.69840963559709,16.992053684152634,0.0,,,,,,,,,,,,,,30.1,HIGH
2022-10-03,DEV,PM,cross_sectional_reference,M01_MARKET_IV_REFERENCE,12,0.732609927630871,0.44619929388878726,0.3222256623295047,0.75,,,,,,,,,,,,,"same-quote supplied implied volatility; diagnostic reference, not a fit claim",30.1,HIGH
2022-10-03,DEV,PM,cross_sectional,M02_SVI,12,0.9378135833511437,0.6191935288983138,1.4704371224807464,0.4166666666666667,,,,,,,,,,,,,,30.1,HIGH
2022-10-03,DEV,PM,cross_sectional,M03_SSVI,12,2.804888453133927,2.1990548790817908,5.192992777199857,0.08333333333333333,,,,,,,,,,,,,,30.1,HIGH
2022-10-04,DEV,PM,cross_sectional,M10_HESTON,12,0.5615135591178413,0.49447579474843567,1.9642913386141996,0.6666666666666666,36.743775499999174,O01,C04,unconstrained,5.0,20262994.0,False,artifacts\checkpoints\empirical_real_calibrations\4a137cf6bb3b83f3\eb608b20f114e5291fdae15c1cd09703bfff37e6f44f79c4280b21b37eec0e94.json,36.743775499999174,True,CONVERGENCE: RELATIVE REDUCTION OF F <= FACTR*EPSMCH,1.2277308240001046,,29.07,MEDIUM
2022-10-04,DEV,PM,cross_sectional,M00_BS_FLAT,12,30.612895672207042,20.120058173427825,18.870742621396147,0.0,,,,,,,,,,,,,,29.07,MEDIUM
2022-10-04,DEV,PM,cross_sectional_reference,M01_MARKET_IV_REFERENCE,12,0.39049826398431725,0.23756110955208984,0.16710019898110232,1.0,,,,,,,,,,,,,"same-quote supplied implied volatility; diagnostic reference, not a fit claim",29.07,MEDIUM
2022-10-04,DEV,PM,cross_sectional,M02_SVI,12,0.6735573142084457,0.4223895173044861,0.7829342711011812,0.75,,,,,,,,,,,,,,29.07,MEDIUM
2022-10-04,DEV,PM,cross_sectional,M03_SSVI,12,8.001010609145506,5.30138645486035,7.8161406804106806,0.08333333333333333,,,,,,,,,,,,,,29.07,MEDIUM
2022-10-05,DEV,PM,cross_sectional,M10_HESTON,12,0.60698777416786,0.5045348430978261,3.0014386832562963,0.5,41.496461000002455,O01,C04,unconstrained,5.0,20262995.0,False,artifacts\checkpoints\empirical_real_calibrations\4a137cf6bb3b83f3\7fbc47c83d27af5bc985d6e326a66c264479f627cbf32671044dcae9df83527c.json,41.496461000002455,True,CONVERGENCE: RELATIVE REDUCTION OF F <= FACTR*EPSMCH,1.74368313743837,,28.55,MEDIUM
2022-10-05,DEV,PM,cross_sectional,M00_BS_FLAT,12,29.27234573646333,20.132227383142958,19.185668975397878,0.0,,,,,,,,,,,,,,28.55,MEDIUM
2022-10-05,DEV,PM,cross_sectional_reference,M01_MARKET_IV_REFERENCE,12,0.5618176795993802,0.33724892150931013,0.2208033323839191,1.0,,,,,,,,,,,,,"same-quote supplied implied volatility; diagnostic reference, not a fit claim",28.55,MEDIUM
2022-10-05,DEV,PM,cross_sectional,M02_SVI,12,0.8149665456656018,0.499425923817227,1.1191120943714516,0.5833333333333334,,,,,,,,,,,,,,28.55,MEDIUM
2022-10-05,DEV,PM,cross_sectional,M03_SSVI,12,4.400057965436666,2.962370644428878,5.203648276470869,0.08333333333333333,,,,,,,,,,,,,,28.55,MEDIUM
2022-10-06,DEV,PM,cross_sectional,M10_HESTON,12,0.617962470349387,0.5042080243164951,1.4367175189128563,0.4166666666666667,42.14766949999466,O01,C04,unconstrained,5.0,20262996.0,False,artifacts\checkpoints\empirical_real_calibrations\4a137cf6bb3b83f3\3eae0133847e96e4d9e71f911364c648a5dee977ee376e80b0c698d3f719a453.json,42.14766949999466,True,CONVERGENCE: RELATIVE REDUCTION OF F <= FACTR*EPSMCH,0.7143241750673793,,30.52,HIGH
2022-10-06,DEV,PM,cross_sectional,M00_BS_FLAT,12,43.214717637368366,26.71127408732832,20.379536236122195,0.0,,,,,,,,,,,,,,30.52,HIGH
2022-10-06,DEV,PM,cross_sectional_reference,M01_MARKET_IV_REFERENCE,12,0.31235062742988845,0.18846439476968394,0.12887676379404034,1.0,,,,,,,,,,,,,"same-quote supplied implied volatility; diagnostic reference, not a fit claim",30.52,HIGH
2022-10-06,DEV,PM,cross_sectional,M02_SVI,12,0.7088217246731244,0.47353947535386604,0.8613299327843311,0.6666666666666666,,,,,,,,,,,,,,30.52,HIGH
2022-10-06,DEV,PM,cross_sectional,M03_SSVI,12,3.4139736844843234,2.7426148559383656,7.479360348404369,0.08333333333333333,,,,,,,,,,,,,,30.52,HIGH
2022-10-07,DEV,PM,cross_sectional,M10_HESTON,12,0.7535197107810934,0.589388184912247,2.070569742922504,0.5833333333333334,36.77459830000589,O01,C04,unconstrained,5.0,20262997.0,False,artifacts\checkpoints\empirical_real_calibrations\4a137cf6bb3b83f3\7b80c4445d0c05d88ebf143c6fa49744b84c87355919570dd21bf1dd225aa2d8.json,36.77459830000589,True,CONVERGENCE: RELATIVE REDUCTION OF F <= FACTR*EPSMCH,1.304702181475913,,31.36,HIGH
2022-10-07,DEV,PM,cross_sectional,M00_BS_FLAT,12,36.255918450155406,23.270779132253157,21.52231693764556,0.0,,,,,,,,,,,,,,31.36,HIGH
2022-10-07,DEV,PM,cross_sectional_reference,M01_MARKET_IV_REFERENCE,12,0.4960455797545986,0.3039301595729889,0.1392654306306022,1.0,,,,,,,,,,,,,"same-quote supplied implied volatility; diagnostic reference, not a fit claim",31.36,HIGH
2022-10-07,DEV,PM,cross_sectional,M02_SVI,12,0.9351494546850201,0.6161848973150953,1.6526745025957053,0.6666666666666666,,,,,,,,,,,,,,31.36,HIGH
2022-10-07,DEV,PM,cross_sectional,M03_SSVI,12,2.6237043170483405,1.9237971262409592,8.267326854786146,0.3333333333333333,,,,,,,,,,,,,,31.36,HIGH
2022-10-10,DEV,PM,cross_sectional,M10_HESTON,12,0.9510145678161284,0.6805212129733379,1.6438261425307783,0.4166666666666667,39.32482919999893,O01,C04,unconstrained,5.0,20262998.0,False,artifacts\checkpoints\empirical_real_calibrations\4a137cf6bb3b83f3\571f38b941871e3f56d9b2e15cd3212234e5f06f2e7037ff60977a5bb49bb412.json,39.32482919999893,True,CONVERGENCE: RELATIVE REDUCTION OF F <= FACTR*EPSMCH,0.9652706330482341,,32.45,HIGH
2022-10-10,DEV,PM,cross_sectional,M00_BS_FLAT,12,31.054396373524728,20.133834762186112,16.233651869925534,0.08333333333333333,,,,,,,,,,,,,,32.45,HIGH
2022-10-10,DEV,PM,cross_sectional_reference,M01_MARKET_IV_REFERENCE,12,0.5623370701129685,0.34662146969203905,0.2158653115093961,1.0,,,,,,,,,,,,,"same-quote supplied implied volatility; diagnostic reference, not a fit claim",32.45,HIGH
2022-10-10,DEV,PM,cross_sectional,M02_SVI,12,0.9342804295692527,0.594165283373686,1.3879024103123254,0.5,,,,,,,,,,,,,,32.45,HIGH
2022-10-10,DEV,PM,cross_sectional,M03_SSVI,12,3.096517234164164,1.8946373526311564,3.0690029495807494,0.25,,,,,,,,,,,,,,32.45,HIGH
2022-10-11,DEV,PM,cross_sectional,M10_HESTON,12,0.907255514707934,0.6825883014597559,1.9992369897379854,0.5833333333333334,43.20780019999802,O01,C04,unconstrained,5.0,20262999.0,False,artifacts\checkpoints\empirical_real_calibrations\4a137cf6bb3b83f3\00e51e56ea96d58e64691fe1f0db484bfb85ae022a4d765d19f3b68bd1070a67.json,43.20780019999802,True,CONVERGENCE: RELATIVE REDUCTION OF F <= FACTR*EPSMCH,1.0844840630119879,,33.63,HIGH
2022-10-11,DEV,PM,cross_sectional,M00_BS_FLAT,12,42.680491994934194,26.406259275930807,21.898382372116096,0.08333333333333333,,,,,,,,,,,,,,33.63,HIGH
2022-10-11,DEV,PM,cross_sectional_reference,M01_MARKET_IV_REFERENCE,12,0.5409611832996243,0.3320009399030437,0.16369668341079746,1.0,,,,,,,,,,,,,"same-quote supplied implied volatility; diagnostic reference, not a fit claim",33.63,HIGH
2022-10-11,DEV,PM,cross_sectional,M02_SVI,12,0.9334317930582997,0.6047008364364449,0.7747049468290705,0.6666666666666666,,,,,,,,,,,,,,33.63,HIGH
2022-10-11,DEV,PM,cross_sectional,M03_SSVI,12,4.482554883977178,3.1351721609247645,5.225451304705116,0.25,,,,,,,,,,,,,,33.63,HIGH
2022-10-12,DEV,PM,cross_sectional,M10_HESTON,12,1.2213605673710717,0.9426377278683918,1.6207690131213102,0.4166666666666667,47.16605729999719,O01,C04,unconstrained,5.0,20263000.0,False,artifacts\checkpoints\empirical_real_calibrations\4a137cf6bb3b83f3\aabcc82e0266bc45b48dbac6ce5baa120534b7e78aa46465eebf4b1cdc9ba56c.json,47.16605729999719,True,CONVERGENCE: RELATIVE REDUCTION OF F <= FACTR*EPSMCH,0.9905747118529177,,33.57,HIGH
2022-10-12,DEV,PM,cross_sectional,M00_BS_FLAT,12,42.67285380490333,26.8813426742738,24.443147200298107,0.16666666666666666,,,,,,,,,,,,,,33.57,HIGH
2022-10-12,DEV,PM,cross_sectional_reference,M01_MARKET_IV_REFERENCE,12,0.3887554103324834,0.2408909875384805,0.14837384388924033,1.0,,,,,,,,,,,,,"same-quote supplied implied volatility; diagnostic reference, not a fit claim",33.57,HIGH
2022-10-12,DEV,PM,cross_sectional,M02_SVI,12,0.9138955930380136,0.6348540572504761,1.4253410559768314,0.5,,,,,,,,,,,,,,33.57,HIGH
2022-10-12,DEV,PM,cross_sectional,M03_SSVI,12,3.882373681281443,2.7299027514553162,17.49209969199012,0.25,,,,,,,,,,,,,,33.57,HIGH
2022-10-13,DEV,PM,cross_sectional,M10_HESTON,12,0.7657612923825541,0.6628968140455213,2.245920287013123,0.5833333333333334,41.78781190000154,O01,C04,unconstrained,5.0,20263001.0,False,artifacts\checkpoints\empirical_real_calibrations\4a137cf6bb3b83f3\b6d17c549e45a14c1e5f39fedc8bfd99a7568834320ceaef3ac90a1a8e8a644f.json,41.78781190000154,True,CONVERGENCE: RELATIVE REDUCTION OF F <= FACTR*EPSMCH,1.3743395130694174,,31.94,HIGH
2022-10-13,DEV,PM,cross_sectional,M00_BS_FLAT,12,38.19191837142349,23.895030423485824,14.580326298622692,0.0,,,,,,,,,,,,,,31.94,HIGH
2022-10-13,DEV,PM,cross_sectional_reference,M01_MARKET_IV_REFERENCE,12,0.6468473687232827,0.38497497285019416,0.13736626958426343,1.0,,,,,,,,,,,,,"same-quote supplied implied volatility; diagnostic reference, not a fit claim",31.94,HIGH
2022-10-13,DEV,PM,cross_sectional,M02_SVI,12,0.9199596612417372,0.5206822158704209,0.5430065477063571,0.75,,,,,,,,,,,,,,31.94,HIGH
2022-10-13,DEV,PM,cross_sectional,M03_SSVI,12,2.6754353439640948,1.7774496825267914,8.306394410506444,0.5,,,,,,,,,,,,,,31.94,HIGH
2022-10-14,DEV,PM,cross_sectional,M10_HESTON,12,0.9449351111850688,0.7572920598879236,3.136798634409715,0.3333333333333333,44.29043809999712,O01,C04,unconstrained,5.0,20263002.0,False,artifacts\checkpoints\empirical_real_calibrations\4a137cf6bb3b83f3\fae32e110ea9ded3d944c0ef59ee7f0940c5b593e5f7b38845b6adf53bfeab1f.json,44.29043809999712,True,CONVERGENCE: RELATIVE REDUCTION OF F <= FACTR*EPSMCH,2.272489866344351,,32.02,HIGH
2022-10-14,DEV,PM,cross_sectional,M00_BS_FLAT,12,31.69387734578481,20.41020175343961,14.303150871858124,0.08333333333333333,,,,,,,,,,,,,,32.02,HIGH
2022-10-14,DEV,PM,cross_sectional_reference,M01_MARKET_IV_REFERENCE,12,0.46837047599422854,0.2864867982765633,0.1316369859534754,1.0,,,,,,,,,,,,,"same-quote supplied implied volatility; diagnostic reference, not a fit claim",32.02,HIGH
2022-10-14,DEV,PM,cross_sectional,M02_SVI,12,1.0521595906543109,0.7203374790450491,2.377970414761756,0.6666666666666666,,,,,,,,,,,,,,32.02,HIGH
2022-10-14,DEV,PM,cross_sectional,M03_SSVI,12,4.182039799310586,3.0596779807714545,11.411423089389258,0.25,,,,,,,,,,,,,,32.02,HIGH
2022-10-17,DEV,PM,cross_sectional,M10_HESTON,12,0.8162321698400253,0.6366096851962503,2.1181564686743246,0.4166666666666667,41.876794199997676,O01,C04,unconstrained,5.0,20263003.0,False,artifacts\checkpoints\empirical_real_calibrations\4a137cf6bb3b83f3\10e70ec52e3e73c8639b35071295092dd3b80173d063d4b1a9d08a0d57829f86.json,41.876794199997676,True,CONVERGENCE: RELATIVE REDUCTION OF F <= FACTR*EPSMCH,1.1457082119715918,,31.37,HIGH
2022-10-17,DEV,PM,cross_sectional,M00_BS_FLAT,12,27.135126041942154,17.830876547046035,15.714618713374641,0.0,,,,,,,,,,,,,,31.37,HIGH
2022-10-17,DEV,PM,cross_sectional_reference,M01_MARKET_IV_REFERENCE,12,0.54914066411098,0.32227029733514684,0.19840380826178589,1.0,,,,,,,,,,,,,"same-quote supplied implied volatility; diagnostic reference, not a fit claim",31.37,HIGH
2022-10-17,DEV,PM,cross_sectional,M02_SVI,12,0.8612875330182133,0.5172526921345594,0.654129949088213,0.5833333333333334,,,,,,,,,,,,,,31.37,HIGH
2022-10-17,DEV,PM,cross_sectional,M03_SSVI,12,2.699661680635501,1.9809116228481882,9.956290413836628,0.16666666666666666,,,,,,,,,,,,,,31.37,HIGH
2022-10-19,VALIDATION,PM,cross_sectional,M10_HESTON,30,2.2895863950251734,1.9117064195268787,6.171128151863476,0.3,78.88365280000289,O01,C04,unconstrained,5.0,20263007.0,False,artifacts\checkpoints\empirical_real_calibrations\4a137cf6bb3b83f3\a9b5098a6e056d6a0f49af8e7f72b76d9771dccc0fc9ef612243871e7e8788a2.json,78.88365280000289,True,CONVERGENCE: RELATIVE REDUCTION OF F <= FACTR*EPSMCH,5.426188079979793,,30.76,HIGH
2022-10-19,VALIDATION,PM,cross_sectional,M00_BS_FLAT,30,24.08284279456547,14.084846423897599,11.200776907042856,0.06666666666666667,,,,,,,,,,,,,,30.76,HIGH
2022-10-19,VALIDATION,PM,cross_sectional_reference,M01_MARKET_IV_REFERENCE,30,0.3688137375166909,0.19950412338010828,0.08831018362309655,1.0,,,,,,,,,,,,,"same-quote supplied implied volatility; diagnostic reference, not a fit claim",30.76,HIGH
2022-10-19,VALIDATION,PM,cross_sectional,M02_SVI,30,0.8808902363843808,0.6634957477717914,1.3054148013432494,0.5333333333333333,,,,,,,,,,,,,,30.76,HIGH
2022-10-19,VALIDATION,PM,cross_sectional,M03_SSVI,30,3.75257006612436,2.7345480350875717,6.72096823289109,0.13333333333333333,,,,,,,,,,,,,,30.76,HIGH
2022-10-19,VALIDATION,PM,cross_sectional_challenger,M21_BATES_SENSITIVITY,30,5.844666813913144,4.22681242478149,6.810703225294495,0.13333333333333333,,,,,,,,,,,,,fixed predeclared jump sensitivity; Heston variance parameters from same-date calibration,30.76,HIGH
2022-10-19,VALIDATION,PM,cross_sectional_challenger,M20_LOCALVOL_MC,6,3.7780722501727677,3.2929701629822627,7.854314138032183,0.0,,,,,,,,,,,,,bounded six-contract Monte Carlo check on fitted SSVI Dupire surface,30.76,HIGH
2022-10-19,VALIDATION,PM,wing_holdout,M10_HESTON,10,7.321237235634148,5.171484476724467,8.117864057215625,0.1,,,,,,,,,,,,,,30.76,HIGH
2022-10-19,VALIDATION,PM,maturity_holdout,M10_HESTON,10,8.40224073767061,7.885954251406592,12.807169853385547,0.0,,,,,,,,,,,,,,30.76,HIGH
2022-10-19,VALIDATION,AM,cross_sectional,M10_HESTON,30,1.9107011938000333,1.4929745180310734,2.92723760999832,0.3333333333333333,50.65203399999882,O01,C04,unconstrained,5.0,20263006.0,False,artifacts\checkpoints\empirical_real_calibrations\4a137cf6bb3b83f3\a14574ce35bd20c84b7deb3f553c27a56248fcda07bac8828e615f61eb294d21.json,50.65203399999882,True,CONVERGENCE: RELATIVE REDUCTION OF F <= FACTR*EPSMCH,1.916005373031527,,30.76,HIGH
2022-10-19,VALIDATION,AM,cross_sectional,M00_BS_FLAT,30,32.97084509024394,25.750041285073294,18.25428759760371,0.0,,,,,,,,,,,,,,30.76,HIGH
2022-10-19,VALIDATION,AM,cross_sectional_reference,M01_MARKET_IV_REFERENCE,30,0.7529574171695544,0.5163059993827817,1.1800215979220412,0.6666666666666666,,,,,,,,,,,,,"same-quote supplied implied volatility; diagnostic reference, not a fit claim",30.76,HIGH
2022-10-19,VALIDATION,AM,cross_sectional,M02_SVI,30,1.2937616446725566,0.9627860933561695,2.0140876449385594,0.5,,,,,,,,,,,,,,30.76,HIGH
2022-10-19,VALIDATION,AM,cross_sectional,M03_SSVI,30,3.3586775416493606,2.3432894325594487,6.030624722784045,0.43333333333333335,,,,,,,,,,,,,,30.76,HIGH
2022-10-19,VALIDATION,AM,cross_sectional_challenger,M21_BATES_SENSITIVITY,30,7.161326763089949,5.529296764534468,3.777764509654735,0.06666666666666667,,,,,,,,,,,,,fixed predeclared jump sensitivity; Heston variance parameters from same-date calibration,30.76,HIGH
2022-10-19,VALIDATION,AM,cross_sectional_challenger,M20_LOCALVOL_MC,6,7.758133535033326,6.371435459429033,9.671869979746885,0.0,,,,,,,,,,,,,bounded six-contract Monte Carlo check on fitted SSVI Dupire surface,30.76,HIGH
2022-10-19,VALIDATION,AM,wing_holdout,M10_HESTON,19,7.531661210638761,5.760776926731589,5.541765058779614,0.0,,,,,,,,,,,,,,30.76,HIGH
2022-10-19,VALIDATION,AM,maturity_holdout,M10_HESTON,10,3.789816816151578,2.8633822960473605,1.9627042370589307,0.1,,,,,,,,,,,,,,30.76,HIGH
2022-11-04,VALIDATION,PM,cross_sectional,M10_HESTON,30,3.2519892956215117,2.3103644508207064,10.93405896216369,0.16666666666666666,105.93528650000371,O01,C04,unconstrained,5.0,20263020.0,False,artifacts\checkpoints\empirical_real_calibrations\4a137cf6bb3b83f3\ad11474fe7086d3dc49a3753f4327dc13f3a20138b67bfce83d9e6b8781538d7.json,105.93528650000371,True,CONVERGENCE: RELATIVE REDUCTION OF F <= FACTR*EPSMCH,10.358780917191888,,24.55,MEDIUM
2022-11-04,VALIDATION,PM,cross_sectional,M00_BS_FLAT,30,22.62832488834122,13.765147542462577,18.505094089812534,0.06666666666666667,,,,,,,,,,,,,,24.55,MEDIUM
2022-11-04,VALIDATION,PM,cross_sectional_reference,M01_MARKET_IV_REFERENCE,30,0.24643381179325616,0.1247596530422308,0.09966261274081839,1.0,,,,,,,,,,,,,"same-quote supplied implied volatility; diagnostic reference, not a fit claim",24.55,MEDIUM
2022-11-04,VALIDATION,PM,cross_sectional,M02_SVI,30,0.6390893070835858,0.44139972649256076,2.256662423885981,0.4666666666666667,,,,,,,,,,,,,,24.55,MEDIUM
2022-11-04,VALIDATION,PM,cross_sectional,M03_SSVI,30,4.572425586825928,3.68102648971802,20.73999280097153,0.06666666666666667,,,,,,,,,,,,,,24.55,MEDIUM
2022-11-04,VALIDATION,PM,cross_sectional_challenger,M21_BATES_SENSITIVITY,30,6.258785227227465,4.89842919948458,11.90277938356447,0.03333333333333333,,,,,,,,,,,,,fixed predeclared jump sensitivity; Heston variance parameters from same-date calibration,24.55,MEDIUM
2022-11-04,VALIDATION,PM,cross_sectional_challenger,M20_LOCALVOL_MC,6,7.5664542473084415,5.934520244543887,21.537984986291164,0.0,,,,,,,,,,,,,bounded six-contract Monte Carlo check on fitted SSVI Dupire surface,24.55,MEDIUM
2022-11-04,VALIDATION,PM,wing_holdout,M10_HESTON,11,22.41029826426878,16.81991239201767,14.220853108946216,0.0,,,,,,,,,,,,,,24.55,MEDIUM
2022-11-04,VALIDATION,PM,maturity_holdout,M10_HESTON,10,10.78484888382118,9.210740282340073,25.72481477207879,0.0,,,,,,,,,,,,,,24.55,MEDIUM
2022-11-04,VALIDATION,AM,cross_sectional,M10_HESTON,30,1.3683218023348966,0.986661527752362,2.0940689951511318,0.3333333333333333,97.37157410000509,O01,C04,unconstrained,5.0,20263019.0,False,artifacts\checkpoints\empirical_real_calibrations\4a137cf6bb3b83f3\588124936f8c965d147a4e75b4eb203c03b213df4d03b73a3e3edd15a95df097.json,97.37157410000509,True,CONVERGENCE: RELATIVE REDUCTION OF F <= FACTR*EPSMCH,1.2582914600921493,,24.55,MEDIUM
2022-11-04,VALIDATION,AM,cross_sectional,M00_BS_FLAT,30,30.62478763393005,22.42214633808472,25.573959268277726,0.06666666666666667,,,,,,,,,,,,,,24.55,MEDIUM
2022-11-04,VALIDATION,AM,cross_sectional_reference,M01_MARKET_IV_REFERENCE,30,0.8821892989434474,0.5303957566906352,2.400437292173969,0.6666666666666666,,,,,,,,,,,,,"same-quote supplied implied volatility; diagnostic reference, not a fit claim",24.55,MEDIUM
2022-11-04,VALIDATION,AM,cross_sectional,M02_SVI,30,0.9569378060765437,0.6953077384044342,2.702285264682722,0.5,,,,,,,,,,,,,,24.55,MEDIUM
2022-11-04,VALIDATION,AM,cross_sectional,M03_SSVI,30,4.615797714932909,3.030344415795045,4.46597639231724,0.13333333333333333,,,,,,,,,,,,,,24.55,MEDIUM
2022-11-04,VALIDATION,AM,cross_sectional_challenger,M21_BATES_SENSITIVITY,30,8.259232730051693,6.06273103215296,4.431980950993602,0.03333333333333333,,,,,,,,,,,,,fixed predeclared jump sensitivity; Heston variance parameters from same-date calibration,24.55,MEDIUM
2022-11-04,VALIDATION,AM,cross_sectional_challenger,M20_LOCALVOL_MC,6,4.23773674228551,3.121678803211518,5.39013181385784,0.16666666666666666,,,,,,,,,,,,,bounded six-contract Monte Carlo check on fitted SSVI Dupire surface,24.55,MEDIUM
2022-11-04,VALIDATION,AM,wing_holdout,M10_HESTON,17,2.919848511828332,2.3958391154765506,3.55361674456191,0.0,,,,,,,,,,,,,,24.55,MEDIUM
2022-11-04,VALIDATION,AM,maturity_holdout,M10_HESTON,10,1.7464539123065805,1.338305741299855,1.8116229177832226,0.1,,,,,,,,,,,,,,24.55,MEDIUM
2022-11-22,VALIDATION,PM,cross_sectional,M10_HESTON,30,5.117807473339275,3.362193941697338,12.049646567249107,0.13333333333333333,54.99927419999585,O01,C04,unconstrained,5.0,20263033.0,False,artifacts\checkpoints\empirical_real_calibrations\4a137cf6bb3b83f3\36168e9b65afe51acc1fbeaa10f5e7c047b7edac82e22d117d5f25584e36bedc.json,54.99927419999585,True,CONVERGENCE: RELATIVE REDUCTION OF F <= FACTR*EPSMCH,11.249652817597651,,21.29,MEDIUM
2022-11-22,VALIDATION,PM,cross_sectional,M00_BS_FLAT,30,26.34635659444137,16.815103563669215,27.067410081992207,0.06666666666666667,,,,,,,,,,,,,,21.29,MEDIUM
2022-11-22,VALIDATION,PM,cross_sectional_reference,M01_MARKET_IV_REFERENCE,30,0.2706406989961464,0.13932114357914058,0.11822673332408719,1.0,,,,,,,,,,,,,"same-quote supplied implied volatility; diagnostic reference, not a fit claim",21.29,MEDIUM
2022-11-22,VALIDATION,PM,cross_sectional,M02_SVI,30,0.5080547422678511,0.3476957059564627,0.983641476883065,0.5333333333333333,,,,,,,,,,,,,,21.29,MEDIUM
2022-11-22,VALIDATION,PM,cross_sectional,M03_SSVI,30,2.9512379961382087,2.0380407173126387,7.361058322721947,0.2,,,,,,,,,,,,,,21.29,MEDIUM
2022-11-22,VALIDATION,PM,cross_sectional_challenger,M21_BATES_SENSITIVITY,30,7.260518022883963,5.078612702685525,12.924555264298112,0.03333333333333333,,,,,,,,,,,,,fixed predeclared jump sensitivity; Heston variance parameters from same-date calibration,21.29,MEDIUM
2022-11-22,VALIDATION,PM,cross_sectional_challenger,M20_LOCALVOL_MC,6,8.949047897346196,7.275167517150469,33.7810830316518,0.0,,,,,,,,,,,,,bounded six-contract Monte Carlo check on fitted SSVI Dupire surface,21.29,MEDIUM
2022-11-22,VALIDATION,PM,wing_holdout,M10_HESTON,8,12.513882048179768,10.676359084835767,8.489315119986907,0.0,,,,,,,,,,,,,,21.29,MEDIUM
2022-11-22,VALIDATION,PM,maturity_holdout,M10_HESTON,10,16.01767765591623,13.235437686871274,33.49942659779101,0.0,,,,,,,,,,,,,,21.29,MEDIUM
2022-11-22,VALIDATION,AM,cross_sectional,M10_HESTON,30,3.4451777230706124,2.2988227093686393,4.739323265953101,0.16666666666666666,74.53514189999987,O01,C04,unconstrained,5.0,20263032.0,False,artifacts\checkpoints\empirical_real_calibrations\4a137cf6bb3b83f3\acb45ec02ff28ffd906da44ba627b6830c3813ea60004508974f770157278a59.json,74.53514189999987,True,CONVERGENCE: RELATIVE REDUCTION OF F <= FACTR*EPSMCH,4.621354925347084,,21.29,MEDIUM
2022-11-22,VALIDATION,AM,cross_sectional,M00_BS_FLAT,30,31.29076243168574,24.283738211031142,43.42329353978494,0.03333333333333333,,,,,,,,,,,,,,21.29,MEDIUM
2022-11-22,VALIDATION,AM,cross_sectional_reference,M01_MARKET_IV_REFERENCE,30,0.5669622403024781,0.36323075719730563,1.6668939566922583,0.6,,,,,,,,,,,,,"same-quote supplied implied volatility; diagnostic reference, not a fit claim",21.29,MEDIUM
2022-11-22,VALIDATION,AM,cross_sectional,M02_SVI,30,1.0175279784033477,0.6555213381360167,3.14070272075847,0.36666666666666664,,,,,,,,,,,,,,21.29,MEDIUM
2022-11-22,VALIDATION,AM,cross_sectional,M03_SSVI,30,6.79683444302527,4.922974007299477,9.462677512684559,0.06666666666666667,,,,,,,,,,,,,,21.29,MEDIUM
2022-11-22,VALIDATION,AM,cross_sectional_challenger,M21_BATES_SENSITIVITY,30,8.93631981836683,5.958917861225194,8.572507346705164,0.06666666666666667,,,,,,,,,,,,,fixed predeclared jump sensitivity; Heston variance parameters from same-date calibration,21.29,MEDIUM
2022-11-22,VALIDATION,AM,cross_sectional_challenger,M20_LOCALVOL_MC,6,5.791722552945973,4.686857490705167,9.835819137724865,0.0,,,,,,,,,,,,,bounded six-contract Monte Carlo check on fitted SSVI Dupire surface,21.29,MEDIUM
2022-11-22,VALIDATION,AM,wing_holdout,M10_HESTON,19,10.566907640004242,7.059386955613923,11.529347032432417,0.0,,,,,,,,,,,,,,21.29,MEDIUM
2022-11-22,VALIDATION,AM,maturity_holdout,M10_HESTON,10,6.9672397379360484,5.701270782068088,8.42708485815749,0.0,,,,,,,,,,,,,,21.29,MEDIUM
2022-10-20,VALIDATION,PM,cross_sectional,M10_HESTON,12,0.9621860654847616,0.7309087445714967,1.5606807027546814,0.4166666666666667,61.73121589999937,O01,C04,unconstrained,5.0,20263008.0,False,artifacts\checkpoints\empirical_real_calibrations\4a137cf6bb3b83f3\d4874b3666af4b5098e39cb0ea70ca977caaad3aa1658b0b38a94f083672df76.json,61.73121589999937,True,CONVERGENCE: RELATIVE REDUCTION OF F <= FACTR*EPSMCH,0.8393108238663508,,29.98,MEDIUM
2022-10-20,VALIDATION,PM,cross_sectional,M00_BS_FLAT,12,24.417833050408966,16.327287655222886,13.041886867399318,0.0,,,,,,,,,,,,,,29.98,MEDIUM
2022-10-20,VALIDATION,PM,cross_sectional_reference,M01_MARKET_IV_REFERENCE,12,0.4337953777345822,0.25128675902965886,0.1459807140103615,1.0,,,,,,,,,,,,,"same-quote supplied implied volatility; diagnostic reference, not a fit claim",29.98,MEDIUM
2022-10-20,VALIDATION,PM,cross_sectional,M02_SVI,12,0.7755467769972957,0.5269192992922282,0.9589843505161891,0.5,,,,,,,,,,,,,,29.98,MEDIUM
2022-10-20,VALIDATION,PM,cross_sectional,M03_SSVI,12,1.445277239514302,1.0831196492322046,5.808705718310324,0.3333333333333333,,,,,,,,,,,,,,29.98,MEDIUM
2022-10-21,VALIDATION,PM,cross_sectional,M10_HESTON,12,1.0534843754246426,0.8303968688822784,2.969324938232468,0.4166666666666667,38.641724900000554,O01,C04,unconstrained,5.0,20263009.0,False,artifacts\checkpoints\empirical_real_calibrations\4a137cf6bb3b83f3\155675dec9d48456a3e9879d6a12456c2743c7f7bbeca9277393afd8064aca6a.json,38.641724900000554,True,CONVERGENCE: RELATIVE REDUCTION OF F <= FACTR*EPSMCH,2.0851705832962133,,29.69,MEDIUM
2022-10-21,VALIDATION,PM,cross_sectional,M00_BS_FLAT,12,29.640321738323745,18.610460629900093,13.396556168003825,0.16666666666666666,,,,,,,,,,,,,,29.69,MEDIUM
2022-10-21,VALIDATION,PM,cross_sectional_reference,M01_MARKET_IV_REFERENCE,12,0.3017911977229526,0.1817321150867985,0.08900565527892255,1.0,,,,,,,,,,,,,"same-quote supplied implied volatility; diagnostic reference, not a fit claim",29.69,MEDIUM
2022-10-21,VALIDATION,PM,cross_sectional,M02_SVI,12,0.6473634124860076,0.45029460681967987,1.2272626815322718,0.6666666666666666,,,,,,,,,,,,,,29.69,MEDIUM
2022-10-21,VALIDATION,PM,cross_sectional,M03_SSVI,12,3.3948644748631738,2.566102946014236,9.960016332102755,0.08333333333333333,,,,,,,,,,,,,,29.69,MEDIUM
2022-10-24,VALIDATION,PM,cross_sectional,M10_HESTON,12,1.3384293173570196,0.9743314758992522,2.812203011375973,0.16666666666666666,103.03198230000271,O01,C04,unconstrained,5.0,20263010.0,False,artifacts\checkpoints\empirical_real_calibrations\4a137cf6bb3b83f3\8c50f99313acf713f47b8de517f0562248fbd037d47c1c8baf12883d7316e5b5.json,103.03198230000271,True,CONVERGENCE: RELATIVE REDUCTION OF F <= FACTR*EPSMCH,2.3059536638289866,,29.85,MEDIUM
2022-10-24,VALIDATION,PM,cross_sectional,M00_BS_FLAT,12,25.592354383430745,16.860800440024324,14.59106429226007,0.08333333333333333,,,,,,,,,,,,,,29.85,MEDIUM
2022-10-24,VALIDATION,PM,cross_sectional_reference,M01_MARKET_IV_REFERENCE,12,0.26836619806179274,0.16287892642804827,0.10012939173955082,1.0,,,,,,,,,,,,,"same-quote supplied implied volatility; diagnostic reference, not a fit claim",29.85,MEDIUM
2022-10-24,VALIDATION,PM,cross_sectional,M02_SVI,12,0.5061336008617106,0.3461266183313328,1.2511593004988313,0.6666666666666666,,,,,,,,,,,,,,29.85,MEDIUM
2022-10-24,VALIDATION,PM,cross_sectional,M03_SSVI,12,4.688302345687608,3.1298744536096414,7.900594598653321,0.08333333333333333,,,,,,,,,,,,,,29.85,MEDIUM
2022-10-25,VALIDATION,PM,cross_sectional,M10_HESTON,12,1.0634631852819585,0.8322456467393953,1.9882289498100627,0.4166666666666667,67.93624360000103,O01,C04,unconstrained,5.0,20263011.0,False,artifacts\checkpoints\empirical_real_calibrations\4a137cf6bb3b83f3\3f3ec7f487c614dbb309e55deefef68349501fde006cfdc0fc5d727a583719bc.json,67.93624360000103,True,CONVERGENCE: RELATIVE REDUCTION OF F <= FACTR*EPSMCH,1.179951909876486,,28.46,MEDIUM
2022-10-25,VALIDATION,PM,cross_sectional,M00_BS_FLAT,12,26.746408976234832,17.837101001921134,10.427244767218403,0.0,,,,,,,,,,,,,,28.46,MEDIUM
2022-10-25,VALIDATION,PM,cross_sectional_reference,M01_MARKET_IV_REFERENCE,12,0.33460868731143073,0.20459526343066628,0.07792071268925503,1.0,,,,,,,,,,,,,"same-quote supplied implied volatility; diagnostic reference, not a fit claim",28.46,MEDIUM
2022-10-25,VALIDATION,PM,cross_sectional,M02_SVI,12,0.5115580493760379,0.29842483371558426,0.2017693299490965,1.0,,,,,,,,,,,,,,28.46,MEDIUM
2022-10-25,VALIDATION,PM,cross_sectional,M03_SSVI,12,5.824549684614551,4.152654279096237,5.318659294535974,0.08333333333333333,,,,,,,,,,,,,,28.46,MEDIUM
2022-10-26,VALIDATION,PM,cross_sectional,M10_HESTON,12,5.053516697642526,2.266112123022794,1.8528744186670618,0.5833333333333334,52.063385699999344,O01,C04,unconstrained,5.0,20263012.0,False,artifacts\checkpoints\empirical_real_calibrations\4a137cf6bb3b83f3\0d2503208ae058ca49218877ddd243ae33fb698d84606ed5ff700e37a31f7c93.json,52.063385699999344,True,CONVERGENCE: RELATIVE REDUCTION OF F <= FACTR*EPSMCH,1.027669402961411,,27.28,MEDIUM
2022-10-26,VALIDATION,PM,cross_sectional,M00_BS_FLAT,12,29.65459781580106,18.24080028185826,10.491067901593011,0.16666666666666666,,,,,,,,,,,,,,27.28,MEDIUM
2022-10-26,VALIDATION,PM,cross_sectional_reference,M01_MARKET_IV_REFERENCE,12,0.42861219197607014,0.2218835617220957,0.03584285253209211,1.0,,,,,,,,,,,,,"same-quote supplied implied volatility; diagnostic reference, not a fit claim",27.28,MEDIUM
2022-10-26,VALIDATION,PM,cross_sectional,M02_SVI,12,0.47498691247311803,0.315321276497945,0.3564128680383707,0.8333333333333334,,,,,,,,,,,,,,27.28,MEDIUM
2022-10-26,VALIDATION,PM,cross_sectional,M03_SSVI,12,5.786306796966001,3.7175760768714876,4.267944733751091,0.4166666666666667,,,,,,,,,,,,,,27.28,MEDIUM
2022-10-27,VALIDATION,PM,cross_sectional,M10_HESTON,12,0.6281399641215348,0.5151335548114921,1.845405553877338,0.6666666666666666,49.717180100000405,O01,C04,unconstrained,5.0,20263013.0,False,artifacts\checkpoints\empirical_real_calibrations\4a137cf6bb3b83f3\c34b125ed0df2863e7cd7bfedebd2caf8d80007f3dce3f9985ea6fbde19bc768.json,49.717180100000405,True,CONVERGENCE: RELATIVE REDUCTION OF F <= FACTR*EPSMCH,1.0155851763836734,,27.39,MEDIUM
2022-10-27,VALIDATION,PM,cross_sectional,M00_BS_FLAT,12,33.856697210960014,21.482210301342764,14.905850272662903,0.0,,,,,,,,,,,,,,27.39,MEDIUM
2022-10-27,VALIDATION,PM,cross_sectional_reference,M01_MARKET_IV_REFERENCE,12,0.32412616615148704,0.19634787528957717,0.08174536586099085,1.0,,,,,,,,,,,,,"same-quote supplied implied volatility; diagnostic reference, not a fit claim",27.39,MEDIUM
2022-10-27,VALIDATION,PM,cross_sectional,M02_SVI,12,0.6813355269646764,0.46405331085753815,0.6556024629989392,0.8333333333333334,,,,,,,,,,,,,,27.39,MEDIUM
2022-10-27,VALIDATION,PM,cross_sectional,M03_SSVI,12,3.9056544477134896,3.074416034847625,7.95133080680258,0.16666666666666666,,,,,,,,,,,,,,27.39,MEDIUM
2022-10-28,VALIDATION,PM,cross_sectional,M10_HESTON,12,0.4179852269648453,0.32681693942042195,2.164159349728269,0.5833333333333334,53.2232972999991,O01,C04,unconstrained,5.0,20263014.0,False,artifacts\checkpoints\empirical_real_calibrations\4a137cf6bb3b83f3\244b4133e37bf8b63aed0603be3814fc280c46c2fd050724879f81284a7386c2.json,53.2232972999991,True,CONVERGENCE: RELATIVE REDUCTION OF F <= FACTR*EPSMCH,1.3349670310593102,,25.75,MEDIUM
2022-10-28,VALIDATION,PM,cross_sectional,M00_BS_FLAT,12,34.29647442712431,20.569031962546113,16.86034543218074,0.0,,,,,,,,,,,,,,25.75,MEDIUM
2022-10-28,VALIDATION,PM,cross_sectional_reference,M01_MARKET_IV_REFERENCE,12,0.2913362579152836,0.17589910057509242,0.12521722742578764,1.0,,,,,,,,,,,,,"same-quote supplied implied volatility; diagnostic reference, not a fit claim",25.75,MEDIUM
2022-10-28,VALIDATION,PM,cross_sectional,M02_SVI,12,0.5851987784000737,0.39194782415864776,1.160208352284674,0.75,,,,,,,,,,,,,,25.75,MEDIUM
2022-10-28,VALIDATION,PM,cross_sectional,M03_SSVI,12,7.116033827691997,4.169397805236149,4.845385135689493,0.08333333333333333,,,,,,,,,,,,,,25.75,MEDIUM
2022-10-31,VALIDATION,PM,cross_sectional,M10_HESTON,12,0.9668370349430601,0.6792166325377568,1.6127550293922066,0.3333333333333333,73.12242049999622,O01,C04,unconstrained,5.0,20263015.0,False,artifacts\checkpoints\empirical_real_calibrations\4a137cf6bb3b83f3\8ecff5230d8d261545d16aec863b3586c36411211d9b8f7a15845d1794f29e0f.json,73.12242049999622,True,CONVERGENCE: RELATIVE REDUCTION OF F <= FACTR*EPSMCH,0.9406192068871034,,25.88,MEDIUM
2022-10-31,VALIDATION,PM,cross_sectional,M00_BS_FLAT,12,28.712010466111007,18.361682500087753,16.06584995116095,0.16666666666666666,,,,,,,,,,,,,,25.88,MEDIUM
2022-10-31,VALIDATION,PM,cross_sectional_reference,M01_MARKET_IV_REFERENCE,12,0.26629956548696115,0.16188440007783658,0.10778445126643055,1.0,,,,,,,,,,,,,"same-quote supplied implied volatility; diagnostic reference, not a fit claim",25.88,MEDIUM
2022-10-31,VALIDATION,PM,cross_sectional,M02_SVI,12,0.5688468651928821,0.39682088422182243,1.0370686804385822,0.6666666666666666,,,,,,,,,,,,,,25.88,MEDIUM
2022-10-31,VALIDATION,PM,cross_sectional,M03_SSVI,12,5.223355725515293,3.2264107651605145,4.846885022647243,0.08333333333333333,,,,,,,,,,,,,,25.88,MEDIUM
2022-11-01,VALIDATION,PM,cross_sectional,M10_HESTON,12,0.9279711261347208,0.6563058973586444,1.650062975283794,0.3333333333333333,62.00896859999921,O01,C04,unconstrained,5.0,20263016.0,False,artifacts\checkpoints\empirical_real_calibrations\4a137cf6bb3b83f3\801f1c9303bd1a034a3ef4925f9e8ad9fbbbeab3995d811703b5e2fdfa8f185c.json,62.00896859999921,True,CONVERGENCE: RELATIVE REDUCTION OF F <= FACTR*EPSMCH,1.0155122844248785,,25.81,MEDIUM
2022-11-01,VALIDATION,PM,cross_sectional,M00_BS_FLAT,12,29.438910004469953,18.112852258201446,17.952056974431947,0.0,,,,,,,,,,,,,,25.81,MEDIUM
2022-11-01,VALIDATION,PM,cross_sectional_reference,M01_MARKET_IV_REFERENCE,12,0.2858528497578025,0.16752032429418687,0.14641170450805446,1.0,,,,,,,,,,,,,"same-quote supplied implied volatility; diagnostic reference, not a fit claim",25.81,MEDIUM
2022-11-01,VALIDATION,PM,cross_sectional,M02_SVI,12,0.572357984078809,0.38386994961387605,0.5957128026379724,0.5833333333333334,,,,,,,,,,,,,,25.81,MEDIUM
2022-11-01,VALIDATION,PM,cross_sectional,M03_SSVI,12,5.276305756535348,3.288173931913718,5.467548044176357,0.08333333333333333,,,,,,,,,,,,,,25.81,MEDIUM
2022-11-02,VALIDATION,PM,cross_sectional,M10_HESTON,12,1.000608604281243,0.6529311714159842,2.6645983931193897,0.4166666666666667,101.04346539999824,O01,C04,unconstrained,5.0,20263017.0,False,artifacts\checkpoints\empirical_real_calibrations\4a137cf6bb3b83f3\51c88dcef0b3b731ffb1b887baf3b78777237c904f20aa087149b95e34270c0d.json,101.04346539999824,True,CONVERGENCE: RELATIVE REDUCTION OF F <= FACTR*EPSMCH,1.8779575564985198,,25.86,MEDIUM
2022-11-02,VALIDATION,PM,cross_sectional,M00_BS_FLAT,12,25.206619391078696,16.93239725475133,10.95749203117441,0.0,,,,,,,,,,,,,,25.86,MEDIUM
2022-11-02,VALIDATION,PM,cross_sectional_reference,M01_MARKET_IV_REFERENCE,12,0.2857649264804631,0.16685844878154943,0.07735739750576427,1.0,,,,,,,,,,,,,"same-quote supplied implied volatility; diagnostic reference, not a fit claim",25.86,MEDIUM
2022-11-02,VALIDATION,PM,cross_sectional,M02_SVI,12,0.5490710852620155,0.3819701573298922,0.8284299138650099,0.6666666666666666,,,,,,,,,,,,,,25.86,MEDIUM
2022-11-02,VALIDATION,PM,cross_sectional,M03_SSVI,12,2.231421989933919,1.5476792753686006,9.319442081912186,0.4166666666666667,,,,,,,,,,,,,,25.86,MEDIUM
2022-11-03,VALIDATION,PM,cross_sectional,M10_HESTON,12,0.7327259328585779,0.5457567493218879,2.233849852776978,0.4166666666666667,81.7397276000047,O01,C04,unconstrained,5.0,20263018.0,False,artifacts\checkpoints\empirical_real_calibrations\4a137cf6bb3b83f3\b1024738112d4249653401e08ec2707dc582dc5bf14daba07a4460a48ca019f4.json,81.7397276000047,True,CONVERGENCE: RELATIVE REDUCTION OF F <= FACTR*EPSMCH,1.474313948764558,,25.3,MEDIUM
2022-11-03,VALIDATION,PM,cross_sectional,M00_BS_FLAT,12,33.61387559649173,20.32688072897164,18.756071720360225,0.08333333333333333,,,,,,,,,,,,,,25.3,MEDIUM
2022-11-03,VALIDATION,PM,cross_sectional_reference,M01_MARKET_IV_REFERENCE,12,0.2908776138754318,0.17662250240285238,0.11405033988878341,1.0,,,,,,,,,,,,,"same-quote supplied implied volatility; diagnostic reference, not a fit claim",25.3,MEDIUM
2022-11-03,VALIDATION,PM,cross_sectional,M02_SVI,12,0.5258762777584172,0.38614380913259644,1.0149004077002455,0.5833333333333334,,,,,,,,,,,,,,25.3,MEDIUM
2022-11-03,VALIDATION,PM,cross_sectional,M03_SSVI,12,2.543282418496029,1.8537724017396255,10.578883696070315,0.3333333333333333,,,,,,,,,,,,,,25.3,MEDIUM
2022-11-07,VALIDATION,PM,cross_sectional,M10_HESTON,12,0.5340886217183416,0.39879081006364,1.6393959980105817,0.5,70.00446080000256,O01,C04,unconstrained,5.0,20263021.0,False,artifacts\checkpoints\empirical_real_calibrations\4a137cf6bb3b83f3\81cfb8cae10d88094e8baca12c40ef61b58f0ea6b58540dcfee76ca524c7b57a.json,70.00446080000256,True,CONVERGENCE: RELATIVE REDUCTION OF F <= FACTR*EPSMCH,0.9450928251661842,,24.35,MEDIUM
2022-11-07,VALIDATION,PM,cross_sectional,M00_BS_FLAT,12,27.300131808234852,17.060742277459195,17.110779057469607,0.0,,,,,,,,,,,,,,24.35,MEDIUM
2022-11-07,VALIDATION,PM,cross_sectional_reference,M01_MARKET_IV_REFERENCE,12,0.31626091653911353,0.1856461338438653,0.14176018828347992,1.0,,,,,,,,,,,,,"same-quote supplied implied volatility; diagnostic reference, not a fit claim",24.35,MEDIUM
2022-11-07,VALIDATION,PM,cross_sectional,M02_SVI,12,0.5853005807340186,0.42652924864524366,1.3744406061369174,0.6666666666666666,,,,,,,,,,,,,,24.35,MEDIUM
2022-11-07,VALIDATION,PM,cross_sectional,M03_SSVI,12,3.5370548085869267,2.411089215354034,7.869372260567471,0.25,,,,,,,,,,,,,,24.35,MEDIUM
2022-11-08,VALIDATION,PM,cross_sectional,M10_HESTON,12,0.4050272813122161,0.2894314961592908,1.1986067925030561,0.8333333333333334,49.918509499999345,O01,C04,unconstrained,5.0,20263022.0,False,artifacts\checkpoints\empirical_real_calibrations\4a137cf6bb3b83f3\37fe2351824549dd9fb8dab889ccc7468c7dd840ce2b5a3a57ff508c70b03da3.json,49.918509499999345,True,CONVERGENCE: RELATIVE REDUCTION OF F <= FACTR*EPSMCH,0.45801799429196294,,25.54,MEDIUM
2022-11-08,VALIDATION,PM,cross_sectional,M00_BS_FLAT,12,31.327880956450304,19.349543728319798,16.37937659424583,0.0,,,,,,,,,,,,,,25.54,MEDIUM
2022-11-08,VALIDATION,PM,cross_sectional_reference,M01_MARKET_IV_REFERENCE,12,0.31326383958350057,0.18671621633352667,0.11024052334925936,1.0,,,,,,,,,,,,,"same-quote supplied implied volatility; diagnostic reference, not a fit claim",25.54,MEDIUM
2022-11-08,VALIDATION,PM,cross_sectional,M02_SVI,12,0.5809604674926147,0.42711710259589863,0.9728269066268784,0.5833333333333334,,,,,,,,,,,,,,25.54,MEDIUM
2022-11-08,VALIDATION,PM,cross_sectional,M03_SSVI,12,3.970051976028983,2.6896549230011146,4.674485267563131,0.08333333333333333,,,,,,,,,,,,,,25.54,MEDIUM
2022-11-09,VALIDATION,PM,cross_sectional,M10_HESTON,12,0.6024084286632497,0.4492813825251565,1.7533672432069993,0.5,72.59617040000012,O01,C04,unconstrained,5.0,20263023.0,False,artifacts\checkpoints\empirical_real_calibrations\4a137cf6bb3b83f3\2aa0cd867f416284250afb510fbc32c8f540c2a480db6a4077f7c5d8fbccd580.json,72.59617040000012,True,CONVERGENCE: RELATIVE REDUCTION OF F <= FACTR*EPSMCH,0.794757112861071,,26.09,MEDIUM
2022-11-09,VALIDATION,PM,cross_sectional,M00_BS_FLAT,12,29.88271123601732,18.679653675776198,17.651662079566492,0.0,,,,,,,,,,,,,,26.09,MEDIUM
2022-11-09,VALIDATION,PM,cross_sectional_reference,M01_MARKET_IV_REFERENCE,12,0.3982920004258008,0.22691253173421067,0.1789635291826829,1.0,,,,,,,,,,,,,"same-quote supplied implied volatility; diagnostic reference, not a fit claim",26.09,MEDIUM
2022-11-09,VALIDATION,PM,cross_sectional,M02_SVI,12,0.7137195682102121,0.5016430230986211,1.0320651104722074,0.4166666666666667,,,,,,,,,,,,,,26.09,MEDIUM
2022-11-09,VALIDATION,PM,cross_sectional,M03_SSVI,12,1.8494869509830578,1.377210921494034,6.968705420257357,0.4166666666666667,,,,,,,,,,,,,,26.09,MEDIUM
2022-11-10,VALIDATION,PM,cross_sectional,M10_HESTON,12,0.6176483510357901,0.5466314072171509,2.27467634252845,0.5,58.194888499994704,O01,C04,unconstrained,5.0,20263024.0,False,artifacts\checkpoints\empirical_real_calibrations\4a137cf6bb3b83f3\f9c7f8cea2a0d5de3c8024f170ad188ab1397495f144babc932df039c3f0cbf8.json,58.194888499994704,True,CONVERGENCE: RELATIVE REDUCTION OF F <= FACTR*EPSMCH,1.528709429740205,,23.53,MEDIUM
2022-11-10,VALIDATION,PM,cross_sectional,M00_BS_FLAT,12,30.301856112719033,19.119209881225828,14.480406247254354,0.0,,,,,,,,,,,,,,23.53,MEDIUM
2022-11-10,VALIDATION,PM,cross_sectional_reference,M01_MARKET_IV_REFERENCE,12,0.24296156352886222,0.14800007056168457,0.08822462133947977,1.0,,,,,,,,,,,,,"same-quote supplied implied volatility; diagnostic reference, not a fit claim",23.53,MEDIUM
2022-11-10,VALIDATION,PM,cross_sectional,M02_SVI,12,0.3881485549871018,0.24637347949388588,0.340682168486324,0.8333333333333334,,,,,,,,,,,,,,23.53,MEDIUM
2022-11-10,VALIDATION,PM,cross_sectional,M03_SSVI,12,8.356667131286395,5.094049673173688,5.455759914766999,0.0,,,,,,,,,,,,,,23.53,MEDIUM
2022-11-11,VALIDATION,PM,cross_sectional,M10_HESTON,12,0.724997482354922,0.5117379871502649,3.5305611410104913,0.5,65.08966700000019,O01,C04,unconstrained,5.0,20263025.0,False,artifacts\checkpoints\empirical_real_calibrations\4a137cf6bb3b83f3\746e89c4635a8d96e528e90396c70feadff24fedd049fd751e5f773a79079f5b.json,65.08966700000019,True,CONVERGENCE: RELATIVE REDUCTION OF F <= FACTR*EPSMCH,2.698333223903452,,22.52,MEDIUM
2022-11-11,VALIDATION,PM,cross_sectional,M00_BS_FLAT,12,30.289724895213094,20.561670260720263,23.315671495843723,0.0,,,,,,,,,,,,,,22.52,MEDIUM
2022-11-11,VALIDATION,PM,cross_sectional_reference,M01_MARKET_IV_REFERENCE,12,0.302067114785207,0.18297222857747264,0.11443647647982792,1.0,,,,,,,,,,,,,"same-quote supplied implied volatility; diagnostic reference, not a fit claim",22.52,MEDIUM
2022-11-11,VALIDATION,PM,cross_sectional,M02_SVI,12,0.9922363311170543,0.6122399134900396,3.9467265961740776,0.5833333333333334,,,,,,,,,,,,,,22.52,MEDIUM
2022-11-11,VALIDATION,PM,cross_sectional,M03_SSVI,12,8.414817291025988,5.554622105587952,12.634078436593244,0.0,,,,,,,,,,,,,,22.52,MEDIUM
2022-11-14,VALIDATION,PM,cross_sectional,M10_HESTON,12,0.5102709178942811,0.4539162490725064,3.1884498946146738,0.5833333333333334,83.90550600000279,O01,C04,unconstrained,5.0,20263026.0,False,artifacts\checkpoints\empirical_real_calibrations\4a137cf6bb3b83f3\162e51759c76979896f92e51ff2e436f6899df1d0495c49a8b50db0a89158686.json,83.90550600000279,True,CONVERGENCE: RELATIVE REDUCTION OF F <= FACTR*EPSMCH,2.1847587031612243,,23.73,MEDIUM
2022-11-14,VALIDATION,PM,cross_sectional,M00_BS_FLAT,12,27.843208024606135,19.562232604154115,18.18719794797248,0.0,,,,,,,,,,,,,,23.73,MEDIUM
2022-11-14,VALIDATION,PM,cross_sectional_reference,M01_MARKET_IV_REFERENCE,12,0.3799261245472297,0.22854498547677524,0.13872698918276782,1.0,,,,,,,,,,,,,"same-quote supplied implied volatility; diagnostic reference, not a fit claim",23.73,MEDIUM
2022-11-14,VALIDATION,PM,cross_sectional,M02_SVI,12,0.5457953203364952,0.33429408812581696,0.41892097145609003,0.8333333333333334,,,,,,,,,,,,,,23.73,MEDIUM
2022-11-14,VALIDATION,PM,cross_sectional,M03_SSVI,12,7.268298280672913,4.428193602707189,7.0296705351655255,0.08333333333333333,,,,,,,,,,,,,,23.73,MEDIUM
2022-11-15,VALIDATION,PM,cross_sectional,M10_HESTON,12,0.5438361150797941,0.4835644985988064,2.1154407503519055,0.6666666666666666,60.59976629999437,O01,C04,unconstrained,5.0,20263027.0,False,artifacts\checkpoints\empirical_real_calibrations\4a137cf6bb3b83f3\3c29ec28c36917656d266a5529fcc2874dd53473ffb971d64d35b07738509414.json,60.59976629999437,True,CONVERGENCE: RELATIVE REDUCTION OF F <= FACTR*EPSMCH,1.3486442290596026,,24.54,MEDIUM
2022-11-15,VALIDATION,PM,cross_sectional,M00_BS_FLAT,12,28.483235576897194,19.72853620360397,14.441182953787592,0.0,,,,,,,,,,,,,,24.54,MEDIUM
2022-11-15,VALIDATION,PM,cross_sectional_reference,M01_MARKET_IV_REFERENCE,12,0.2972051951898881,0.17955095363322393,0.09372981372997477,1.0,,,,,,,,,,,,,"same-quote supplied implied volatility; diagnostic reference, not a fit claim",24.54,MEDIUM
2022-11-15,VALIDATION,PM,cross_sectional,M02_SVI,12,0.6089796183117604,0.4363574216210829,0.9592449973312275,0.8333333333333334,,,,,,,,,,,,,,24.54,MEDIUM
2022-11-15,VALIDATION,PM,cross_sectional,M03_SSVI,12,8.852669122862283,5.3420668173010535,5.140288687698041,0.08333333333333333,,,,,,,,,,,,,,24.54,MEDIUM
2022-11-16,VALIDATION,PM,cross_sectional,M10_HESTON,12,0.4604850352928671,0.39841443616144057,2.823992844856207,0.5833333333333334,81.33277689999522,O01,C04,unconstrained,5.0,20263028.0,False,artifacts\checkpoints\empirical_real_calibrations\4a137cf6bb3b83f3\bddc080a1172d36d8a2a17a0242efbf0c751e45c4beeee05e25abf7166c3c6e9.json,81.33277689999522,True,CONVERGENCE: RELATIVE REDUCTION OF F <= FACTR*EPSMCH,2.0577750460841195,,24.11,MEDIUM
2022-11-16,VALIDATION,PM,cross_sectional,M00_BS_FLAT,12,28.21823745961799,19.732775568820646,21.853637304357076,0.16666666666666666,,,,,,,,,,,,,,24.11,MEDIUM
2022-11-16,VALIDATION,PM,cross_sectional_reference,M01_MARKET_IV_REFERENCE,12,0.34240704023443275,0.20248145122310068,0.15226745519169974,1.0,,,,,,,,,,,,,"same-quote supplied implied volatility; diagnostic reference, not a fit claim",24.11,MEDIUM
2022-11-16,VALIDATION,PM,cross_sectional,M02_SVI,12,0.48597214283607293,0.2893974722324805,0.3905706868691194,0.8333333333333334,,,,,,,,,,,,,,24.11,MEDIUM
2022-11-16,VALIDATION,PM,cross_sectional,M03_SSVI,12,6.427555996335853,4.227356150309531,9.72627647495785,0.08333333333333333,,,,,,,,,,,,,,24.11,MEDIUM
2022-11-17,VALIDATION,PM,cross_sectional,M10_HESTON,12,0.8305715095281232,0.618976378689888,3.3792419496695683,0.5,51.26523630000156,O01,C04,unconstrained,5.0,20263029.0,False,artifacts\checkpoints\empirical_real_calibrations\4a137cf6bb3b83f3\a6393e3a1182014036f168bbd58baba1aee203015baf18a716d9b6c31e34c7c0.json,51.26523630000156,True,CONVERGENCE: RELATIVE REDUCTION OF F <= FACTR*EPSMCH,2.5133193047684546,,23.93,MEDIUM
2022-11-17,VALIDATION,PM,cross_sectional,M00_BS_FLAT,12,27.851164645198978,19.956483194515027,22.695998357021413,0.0,,,,,,,,,,,,,,23.93,MEDIUM
2022-11-17,VALIDATION,PM,cross_sectional_reference,M01_MARKET_IV_REFERENCE,12,0.3455921707791043,0.20234975267473476,0.13610884601377513,1.0,,,,,,,,,,,,,"same-quote supplied implied volatility; diagnostic reference, not a fit claim",23.93,MEDIUM
2022-11-17,VALIDATION,PM,cross_sectional,M02_SVI,12,0.5926604874330794,0.4001884533988951,1.0015618639775623,0.75,,,,,,,,,,,,,,23.93,MEDIUM
2022-11-17,VALIDATION,PM,cross_sectional,M03_SSVI,12,5.991109464998405,4.039864715723311,12.016433318822315,0.08333333333333333,,,,,,,,,,,,,,23.93,MEDIUM
2022-11-18,VALIDATION,PM,cross_sectional,M10_HESTON,12,0.7733931271101632,0.5150512942590666,2.6315077753780862,0.3333333333333333,110.92848740000045,O01,C04,unconstrained,5.0,20263030.0,False,artifacts\checkpoints\empirical_real_calibrations\4a137cf6bb3b83f3\8b7284d74bdde1af41ad6319d4e566e42153a272cba16b7f9c47dfdba2f1d1a0.json,110.92848740000045,True,CONVERGENCE: RELATIVE REDUCTION OF F <= FACTR*EPSMCH,1.976672799514235,,23.12,MEDIUM
2022-11-18,VALIDATION,PM,cross_sectional,M00_BS_FLAT,12,30.268372635926845,21.974725581584384,34.01257664316736,0.0,,,,,,,,,,,,,,23.12,MEDIUM
2022-11-18,VALIDATION,PM,cross_sectional_reference,M01_MARKET_IV_REFERENCE,12,0.26683667529405786,0.1566177693712291,0.11180563791232564,1.0,,,,,,,,,,,,,"same-quote supplied implied volatility; diagnostic reference, not a fit claim",23.12,MEDIUM
2022-11-18,VALIDATION,PM,cross_sectional,M02_SVI,12,0.6740100634186442,0.46483898171709265,2.248550989974585,0.6666666666666666,,,,,,,,,,,,,,23.12,MEDIUM
2022-11-18,VALIDATION,PM,cross_sectional,M03_SSVI,12,6.790872076774969,4.419048997702884,27.42612391811982,0.08333333333333333,,,,,,,,,,,,,,23.12,MEDIUM
2022-11-21,VALIDATION,PM,cross_sectional,M10_HESTON,12,0.8843582870665266,0.6520140183004534,3.5560764259916735,0.4166666666666667,109.49616750000132,O01,C04,unconstrained,5.0,20263031.0,False,artifacts\checkpoints\empirical_real_calibrations\4a137cf6bb3b83f3\f4f1879c948bbc70f60c20a282345c0ec905cec6805c454011be70170c79ee42.json,109.49616750000132,True,CONVERGENCE: RELATIVE REDUCTION OF F <= FACTR*EPSMCH,2.8229614280289037,,22.36,MEDIUM
2022-11-21,VALIDATION,PM,cross_sectional,M00_BS_FLAT,12,42.18055050392865,29.12145283459084,31.285901528046658,0.0,,,,,,,,,,,,,,22.36,MEDIUM
2022-11-21,VALIDATION,PM,cross_sectional_reference,M01_MARKET_IV_REFERENCE,12,0.28008678261552694,0.1615892566294552,0.1232752468767087,1.0,,,,,,,,,,,,,"same-quote supplied implied volatility; diagnostic reference, not a fit claim",22.36,MEDIUM
2022-11-21,VALIDATION,PM,cross_sectional,M02_SVI,12,0.5074377782177054,0.3292678708157101,0.6660948690861725,0.8333333333333334,,,,,,,,,,,,,,22.36,MEDIUM
2022-11-21,VALIDATION,PM,cross_sectional,M03_SSVI,12,6.1719859503424725,3.839326487225721,13.071899813781869,0.08333333333333333,,,,,,,,,,,,,,22.36,MEDIUM
2022-11-23,LOCKED_TEST,PM,cross_sectional,M10_HESTON,30,5.522466780573283,3.6372244129125346,9.714131965128358,0.06666666666666667,72.40527189999557,O01,C04,unconstrained,5.0,20263035.0,False,artifacts\checkpoints\empirical_real_calibrations\4a137cf6bb3b83f3\f1424d40ddbfbe393a306ded64b489cc513ba52c0d79962e7c5aedb7b499b0f1.json,72.40527189999557,True,CONVERGENCE: RELATIVE REDUCTION OF F <= FACTR*EPSMCH,9.40854172555417,,20.35,MEDIUM
2022-11-23,LOCKED_TEST,PM,cross_sectional,M00_BS_FLAT,30,26.317284782179474,16.970208990149224,37.04556892763071,0.06666666666666667,,,,,,,,,,,,,,20.35,MEDIUM
2022-11-23,LOCKED_TEST,PM,cross_sectional_reference,M01_MARKET_IV_REFERENCE,30,0.32082173382766227,0.16279575556042836,0.1315147851354642,1.0,,,,,,,,,,,,,"same-quote supplied implied volatility; diagnostic reference, not a fit claim",20.35,MEDIUM
2022-11-23,LOCKED_TEST,PM,cross_sectional,M02_SVI,30,0.461260918895902,0.3113780243906893,0.6907391532509609,0.5333333333333333,,,,,,,,,,,,,,20.35,MEDIUM
2022-11-23,LOCKED_TEST,PM,cross_sectional,M03_SSVI,30,3.9710032676037907,2.7000219127344027,7.3652808806239625,0.1,,,,,,,,,,,,,,20.35,MEDIUM
2022-11-23,LOCKED_TEST,PM,cross_sectional_challenger,M21_BATES_SENSITIVITY,30,9.72769871654813,5.630517505252618,11.099102569053175,0.1,,,,,,,,,,,,,fixed predeclared jump sensitivity; Heston variance parameters from same-date calibration,20.35,MEDIUM
2022-11-23,LOCKED_TEST,PM,cross_sectional_challenger,M20_LOCALVOL_MC,6,9.535149361784672,7.724201947155227,38.79682419667063,0.0,,,,,,,,,,,,,bounded six-contract Monte Carlo check on fitted SSVI Dupire surface,20.35,MEDIUM
2022-11-23,LOCKED_TEST,PM,wing_holdout,M10_HESTON,10,12.121003196193422,9.509874154940102,8.731610304008608,0.0,,,,,,,,,,,,,,20.35,MEDIUM
2022-11-23,LOCKED_TEST,PM,maturity_holdout,M10_HESTON,10,12.494763430235919,10.089859451391685,25.115575503343518,0.0,,,,,,,,,,,,,,20.35,MEDIUM
2022-11-23,LOCKED_TEST,AM,cross_sectional,M10_HESTON,30,5.52511386486873,3.0908062544675614,4.78873683007035,0.16666666666666666,64.32165550000354,O01,C04,unconstrained,5.0,20263034.0,False,artifacts\checkpoints\empirical_real_calibrations\4a137cf6bb3b83f3\8e940d5d3085ecab55d094744d23c87cf710fe4631c99aa5d995ffdcff7f0cae.json,64.32165550000354,True,CONVERGENCE: RELATIVE REDUCTION OF F <= FACTR*EPSMCH,4.598903375029287,,20.35,MEDIUM
2022-11-23,LOCKED_TEST,AM,cross_sectional,M00_BS_FLAT,30,30.80139121446448,24.430848788773176,43.30827316055004,0.0,,,,,,,,,,,,,,20.35,MEDIUM
2022-11-23,LOCKED_TEST,AM,cross_sectional_reference,M01_MARKET_IV_REFERENCE,30,0.6011115577599154,0.41976910740224843,1.6329973935501674,0.5666666666666667,,,,,,,,,,,,,"same-quote supplied implied volatility; diagnostic reference, not a fit claim",20.35,MEDIUM
2022-11-23,LOCKED_TEST,AM,cross_sectional,M02_SVI,30,1.175850489277073,0.7039204345428647,3.0801012282215647,0.36666666666666664,,,,,,,,,,,,,,20.35,MEDIUM
2022-11-23,LOCKED_TEST,AM,cross_sectional,M03_SSVI,30,6.617759656540218,4.9112101456197985,15.576642099952904,0.0,,,,,,,,,,,,,,20.35,MEDIUM
2022-11-23,LOCKED_TEST,AM,cross_sectional_challenger,M21_BATES_SENSITIVITY,30,11.926875484446743,7.565035519137167,9.150171618061929,0.06666666666666667,,,,,,,,,,,,,fixed predeclared jump sensitivity; Heston variance parameters from same-date calibration,20.35,MEDIUM
2022-11-23,LOCKED_TEST,AM,cross_sectional_challenger,M20_LOCALVOL_MC,6,4.240808231076536,3.4418203580913818,7.627004717317168,0.16666666666666666,,,,,,,,,,,,,bounded six-contract Monte Carlo check on fitted SSVI Dupire surface,20.35,MEDIUM
2022-11-23,LOCKED_TEST,AM,wing_holdout,M10_HESTON,18,9.072220608837593,6.833059292539308,11.78995975872629,0.0,,,,,,,,,,,,,,20.35,MEDIUM
2022-11-23,LOCKED_TEST,AM,maturity_holdout,M10_HESTON,10,9.148231896682917,7.589760031019803,10.744691019784055,0.0,,,,,,,,,,,,,,20.35,MEDIUM
2022-12-12,LOCKED_TEST,PM,cross_sectional,M10_HESTON,30,6.183150291570309,4.779318845267091,12.299585046597485,0.13333333333333333,49.529748500004644,O01,C04,unconstrained,5.0,20263048.0,False,artifacts\checkpoints\empirical_real_calibrations\4a137cf6bb3b83f3\ebaf5e3aff84b67799f99f00b0390239dcfdd1894c6defcb8b326f34afe036b5.json,49.529748500004644,True,CONVERGENCE: RELATIVE REDUCTION OF F <= FACTR*EPSMCH,11.45066107462324,,25.0,MEDIUM
2022-12-12,LOCKED_TEST,PM,cross_sectional,M00_BS_FLAT,30,37.99673659022966,22.44239142699133,23.062800882134493,0.0,,,,,,,,,,,,,,25.0,MEDIUM
2022-12-12,LOCKED_TEST,PM,cross_sectional_reference,M01_MARKET_IV_REFERENCE,30,0.2866812327427625,0.1592933922145552,0.10303453279205607,1.0,,,,,,,,,,,,,"same-quote supplied implied volatility; diagnostic reference, not a fit claim",25.0,MEDIUM
2022-12-12,LOCKED_TEST,PM,cross_sectional,M02_SVI,30,1.1251067611777135,0.7972104585561396,2.0939398803511478,0.4666666666666667,,,,,,,,,,,,,,25.0,MEDIUM
2022-12-12,LOCKED_TEST,PM,cross_sectional,M03_SSVI,30,4.465493245652643,3.5665079345037243,13.93955332640802,0.16666666666666666,,,,,,,,,,,,,,25.0,MEDIUM
2022-12-12,LOCKED_TEST,PM,cross_sectional_challenger,M21_BATES_SENSITIVITY,30,8.523007960466384,6.348392633941689,13.05433883164495,0.0,,,,,,,,,,,,,fixed predeclared jump sensitivity; Heston variance parameters from same-date calibration,25.0,MEDIUM
2022-12-12,LOCKED_TEST,PM,cross_sectional_challenger,M20_LOCALVOL_MC,6,12.64710483483959,8.940990998352946,23.68086959783358,0.0,,,,,,,,,,,,,bounded six-contract Monte Carlo check on fitted SSVI Dupire surface,25.0,MEDIUM
2022-12-12,LOCKED_TEST,PM,wing_holdout,M10_HESTON,10,25.24761674656385,20.296393924907058,15.867488572186796,0.0,,,,,,,,,,,,,,25.0,MEDIUM
2022-12-12,LOCKED_TEST,PM,maturity_holdout,M10_HESTON,10,21.913639342382243,18.768539971054686,37.150751472726164,0.0,,,,,,,,,,,,,,25.0,MEDIUM
2022-12-12,LOCKED_TEST,AM,cross_sectional,M10_HESTON,30,3.024834088069031,2.205378089687429,3.9025081162994333,0.2,70.52185079999617,O01,C04,unconstrained,5.0,20263047.0,False,artifacts\checkpoints\empirical_real_calibrations\4a137cf6bb3b83f3\f2c5d4843cf849a017194d20b637ef7c0966d7c72a5404842d80e501491e6765.json,70.52185079999617,True,CONVERGENCE: RELATIVE REDUCTION OF F <= FACTR*EPSMCH,3.0373759900120825,,25.0,MEDIUM
2022-12-12,LOCKED_TEST,AM,cross_sectional,M00_BS_FLAT,30,34.35253537023728,26.003087468506763,29.272924391043837,0.0,,,,,,,,,,,,,,25.0,MEDIUM
2022-12-12,LOCKED_TEST,AM,cross_sectional_reference,M01_MARKET_IV_REFERENCE,30,0.5373119699914259,0.36741496093057724,1.0783999871549361,0.6666666666666666,,,,,,,,,,,,,"same-quote supplied implied volatility; diagnostic reference, not a fit claim",25.0,MEDIUM
2022-12-12,LOCKED_TEST,AM,cross_sectional,M02_SVI,30,1.5465228088358982,1.0018322236878752,3.2394571295662753,0.5,,,,,,,,,,,,,,25.0,MEDIUM
2022-12-12,LOCKED_TEST,AM,cross_sectional,M03_SSVI,30,4.02508821784661,3.3378327323081587,5.13085858186385,0.03333333333333333,,,,,,,,,,,,,,25.0,MEDIUM
2022-12-12,LOCKED_TEST,AM,cross_sectional_challenger,M21_BATES_SENSITIVITY,30,9.131989379401965,6.55596464778485,5.753978633138303,0.03333333333333333,,,,,,,,,,,,,fixed predeclared jump sensitivity; Heston variance parameters from same-date calibration,25.0,MEDIUM
2022-12-12,LOCKED_TEST,AM,cross_sectional_challenger,M20_LOCALVOL_MC,6,4.412406859584254,3.872084967254088,4.776261180131565,0.0,,,,,,,,,,,,,bounded six-contract Monte Carlo check on fitted SSVI Dupire surface,25.0,MEDIUM
2022-12-12,LOCKED_TEST,AM,wing_holdout,M10_HESTON,18,4.389333377537865,3.8415929775134052,7.635222345459488,0.0,,,,,,,,,,,,,,25.0,MEDIUM
2022-12-12,LOCKED_TEST,AM,maturity_holdout,M10_HESTON,10,5.448623713784672,4.452649963080757,3.828809809092447,0.1,,,,,,,,,,,,,,25.0,MEDIUM
2022-12-30,LOCKED_TEST,PM,cross_sectional,M10_HESTON,30,1.3113799476801222,0.8029826184184116,3.1527746525294806,0.3333333333333333,32.67428739999741,O01,C04,unconstrained,5.0,20263062.0,False,artifacts\checkpoints\empirical_real_calibrations\4a137cf6bb3b83f3\90b3af283f4c90834838dcb8f761bb98bc7e515e103cccb7fbbd67b3c2595dcb.json,32.67428739999741,True,CONVERGENCE: RELATIVE REDUCTION OF F <= FACTR*EPSMCH,2.572667583814999,,21.67,MEDIUM
2022-12-30,LOCKED_TEST,PM,cross_sectional,M00_BS_FLAT,30,22.20954068928097,13.902102231002265,20.09664574847661,0.0,,,,,,,,,,,,,,21.67,MEDIUM
2022-12-30,LOCKED_TEST,PM,cross_sectional_reference,M01_MARKET_IV_REFERENCE,30,0.28761503419499046,0.14905831088592394,0.08634542716725711,1.0,,,,,,,,,,,,,"same-quote supplied implied volatility; diagnostic reference, not a fit claim",21.67,MEDIUM
2022-12-30,LOCKED_TEST,PM,cross_sectional,M02_SVI,30,1.0590713823590667,0.6800434025117466,3.175885597010283,0.4666666666666667,,,,,,,,,,,,,,21.67,MEDIUM
2022-12-30,LOCKED_TEST,PM,cross_sectional,M03_SSVI,30,3.2839082487587263,2.5334761913418453,15.293472911291694,0.2,,,,,,,,,,,,,,21.67,MEDIUM
2022-12-30,LOCKED_TEST,PM,cross_sectional_challenger,M21_BATES_SENSITIVITY,30,6.665368898606845,4.129293518092563,5.41470150839693,0.03333333333333333,,,,,,,,,,,,,fixed predeclared jump sensitivity; Heston variance parameters from same-date calibration,21.67,MEDIUM
2022-12-30,LOCKED_TEST,PM,cross_sectional_challenger,M20_LOCALVOL_MC,6,3.460690640519047,2.9461851231388856,10.554503807648832,0.0,,,,,,,,,,,,,bounded six-contract Monte Carlo check on fitted SSVI Dupire surface,21.67,MEDIUM
2022-12-30,LOCKED_TEST,PM,wing_holdout,M10_HESTON,11,13.927723791896893,9.96104434200219,6.8364470819272185,0.0,,,,,,,,,,,,,,21.67,MEDIUM
2022-12-30,LOCKED_TEST,PM,maturity_holdout,M10_HESTON,10,1.5508738592232247,1.3261917914983645,5.986608435200215,0.0,,,,,,,,,,,,,,21.67,MEDIUM
2022-12-30,LOCKED_TEST,AM,cross_sectional,M10_HESTON,30,6.0126378499502415,3.5368012542174605,5.193434760252251,0.2,64.15259399999923,O01,C04,unconstrained,5.0,20263061.0,False,artifacts\checkpoints\empirical_real_calibrations\4a137cf6bb3b83f3\b9ff8f52b57dc0d79289ef980dbc45224bb49899fb643ad8ca5a68c91a18062b.json,64.15259399999923,True,CONVERGENCE: RELATIVE REDUCTION OF F <= FACTR*EPSMCH,4.718829583224228,,21.67,MEDIUM
2022-12-30,LOCKED_TEST,AM,cross_sectional,M00_BS_FLAT,30,29.058284152525065,22.41382910046825,32.85334541288688,0.0,,,,,,,,,,,,,,21.67,MEDIUM
2022-12-30,LOCKED_TEST,AM,cross_sectional_reference,M01_MARKET_IV_REFERENCE,30,0.596988004467119,0.37987418685386287,1.6153246448406822,0.5666666666666667,,,,,,,,,,,,,"same-quote supplied implied volatility; diagnostic reference, not a fit claim",21.67,MEDIUM
2022-12-30,LOCKED_TEST,AM,cross_sectional,M02_SVI,30,1.0399377689927183,0.8344171568157662,2.4917576506633266,0.26666666666666666,,,,,,,,,,,,,,21.67,MEDIUM
2022-12-30,LOCKED_TEST,AM,cross_sectional,M03_SSVI,30,4.8695071516519555,3.456433740093895,8.337955296378151,0.03333333333333333,,,,,,,,,,,,,,21.67,MEDIUM
2022-12-30,LOCKED_TEST,AM,cross_sectional_challenger,M21_BATES_SENSITIVITY,30,11.427569193670541,6.855692896516495,8.182306341427806,0.03333333333333333,,,,,,,,,,,,,fixed predeclared jump sensitivity; Heston variance parameters from same-date calibration,21.67,MEDIUM
2022-12-30,LOCKED_TEST,AM,cross_sectional_challenger,M20_LOCALVOL_MC,6,2.6408342683804014,2.1241180586251214,3.6008405670511223,0.3333333333333333,,,,,,,,,,,,,bounded six-contract Monte Carlo check on fitted SSVI Dupire surface,21.67,MEDIUM
2022-12-30,LOCKED_TEST,AM,wing_holdout,M10_HESTON,17,9.903780450318834,6.666751112539106,9.2136258492007,0.058823529411764705,,,,,,,,,,,,,,21.67,MEDIUM
2022-12-30,LOCKED_TEST,AM,maturity_holdout,M10_HESTON,10,10.25122516586574,8.815740484395754,11.587435304905556,0.0,,,,,,,,,,,,,,21.67,MEDIUM
2022-11-25,LOCKED_TEST,PM,cross_sectional,M10_HESTON,12,9.176576426092348,6.114406540258924,1.045642864042403,0.5,47.406326499993156,O01,C04,unconstrained,5.0,20263036.0,False,artifacts\checkpoints\empirical_real_calibrations\4a137cf6bb3b83f3\f254c197417b9275a92ecfd48ec27fc3ac85fa1e30a883a30501f06ad86aa482.json,47.406326499993156,True,CONVERGENCE: RELATIVE REDUCTION OF F <= FACTR*EPSMCH,0.467925839745313,,20.5,MEDIUM
2022-11-25,LOCKED_TEST,PM,cross_sectional,M00_BS_FLAT,12,30.712775132958143,22.513621846074184,12.971133396126106,0.25,,,,,,,,,,,,,,20.5,MEDIUM
2022-11-25,LOCKED_TEST,PM,cross_sectional_reference,M01_MARKET_IV_REFERENCE,12,0.36985148414809166,0.23606640676851232,0.033670840218563605,1.0,,,,,,,,,,,,,"same-quote supplied implied volatility; diagnostic reference, not a fit claim",20.5,MEDIUM
2022-11-25,LOCKED_TEST,PM,cross_sectional,M02_SVI,12,1.4058689615500777,0.9104635027489456,0.16935868177486882,1.0,,,,,,,,,,,,,,20.5,MEDIUM
2022-11-25,LOCKED_TEST,PM,cross_sectional,M03_SSVI,12,7.722234994755686,4.938936365260498,1.96725113127542,0.5,,,,,,,,,,,,,,20.5,MEDIUM
2022-11-28,LOCKED_TEST,PM,cross_sectional,M10_HESTON,12,0.4234945215299565,0.346176614768582,1.0684519945885633,0.5,64.51931679999689,O01,C04,unconstrained,5.0,20263037.0,False,artifacts\checkpoints\empirical_real_calibrations\4a137cf6bb3b83f3\8ba30ab23dfc9fba76f2eb2eb02bb4a24d889aab6fa004887ab320934b4f6f03.json,64.51931679999689,True,CONVERGENCE: RELATIVE REDUCTION OF F <= FACTR*EPSMCH,0.5184870656095453,,22.21,MEDIUM
2022-11-28,LOCKED_TEST,PM,cross_sectional,M00_BS_FLAT,12,32.550838705177696,21.80805566737392,23.57150135903126,0.0,,,,,,,,,,,,,,22.21,MEDIUM
2022-11-28,LOCKED_TEST,PM,cross_sectional_reference,M01_MARKET_IV_REFERENCE,12,0.3314074935196401,0.19304052679474273,0.14545263967456035,1.0,,,,,,,,,,,,,"same-quote supplied implied volatility; diagnostic reference, not a fit claim",22.21,MEDIUM
2022-11-28,LOCKED_TEST,PM,cross_sectional,M02_SVI,12,0.6561388532431165,0.45752331203749685,1.6477721443886446,0.5,,,,,,,,,,,,,,22.21,MEDIUM
2022-11-28,LOCKED_TEST,PM,cross_sectional,M03_SSVI,12,5.464100654176575,3.0544324334575848,3.4213296210331565,0.16666666666666666,,,,,,,,,,,,,,22.21,MEDIUM
2022-11-29,LOCKED_TEST,PM,cross_sectional,M10_HESTON,12,0.4813240466074427,0.3537506640879597,1.5345797030683686,0.5,85.82300389999727,O01,C04,unconstrained,5.0,20263038.0,False,artifacts\checkpoints\empirical_real_calibrations\4a137cf6bb3b83f3\487e1a6c914ba9df1a57bd7bfe3363a7fa9bf418503ac503753001b2c435f824.json,85.82300389999727,True,CONVERGENCE: RELATIVE REDUCTION OF F <= FACTR*EPSMCH,0.8222156194007072,,21.89,MEDIUM
2022-11-29,LOCKED_TEST,PM,cross_sectional,M00_BS_FLAT,12,30.43050388274834,20.8975023498331,21.311204840541535,0.0,,,,,,,,,,,,,,21.89,MEDIUM
2022-11-29,LOCKED_TEST,PM,cross_sectional_reference,M01_MARKET_IV_REFERENCE,12,0.35992359780882616,0.21115287532062213,0.16764985286686812,1.0,,,,,,,,,,,,,"same-quote supplied implied volatility; diagnostic reference, not a fit claim",21.89,MEDIUM
2022-11-29,LOCKED_TEST,PM,cross_sectional,M02_SVI,12,0.8610887210774786,0.5698412818548967,1.9321782502889202,0.5,,,,,,,,,,,,,,21.89,MEDIUM
2022-11-29,LOCKED_TEST,PM,cross_sectional,M03_SSVI,12,6.234661160352151,3.644767441956707,6.0368323906193915,0.08333333333333333,,,,,,,,,,,,,,21.89,MEDIUM
2022-11-30,LOCKED_TEST,PM,cross_sectional,M10_HESTON,12,0.7303237288849347,0.5898728476144092,2.601905125335068,0.6666666666666666,59.34880780000094,O01,C04,unconstrained,5.0,20263039.0,False,artifacts\checkpoints\empirical_real_calibrations\4a137cf6bb3b83f3\134e211678aad4da43cf0ebd8bb02d9938182964677076cf49f7838b2c8e69f0.json,59.34880780000094,True,CONVERGENCE: RELATIVE REDUCTION OF F <= FACTR*EPSMCH,1.7798440472542143,,20.58,MEDIUM
2022-11-30,LOCKED_TEST,PM,cross_sectional,M00_BS_FLAT,12,28.132517670765058,20.14575940399237,19.671820459476617,0.0,,,,,,,,,,,,,,20.58,MEDIUM
2022-11-30,LOCKED_TEST,PM,cross_sectional_reference,M01_MARKET_IV_REFERENCE,12,0.3289183731057874,0.1993043016867815,0.11205214695647021,1.0,,,,,,,,,,,,,"same-quote supplied implied volatility; diagnostic reference, not a fit claim",20.58,MEDIUM
2022-11-30,LOCKED_TEST,PM,cross_sectional,M02_SVI,12,0.4156984910535375,0.25697588638272556,0.2288340530159226,1.0,,,,,,,,,,,,,,20.58,MEDIUM
2022-11-30,LOCKED_TEST,PM,cross_sectional,M03_SSVI,12,9.568808123906214,5.744184338628109,6.317453709856749,0.0,,,,,,,,,,,,,,20.58,MEDIUM
2022-12-01,LOCKED_TEST,PM,cross_sectional,M10_HESTON,12,0.5183154629019315,0.38221512534622937,2.884673577361104,0.4166666666666667,89.40020889999869,O01,C04,unconstrained,5.0,20263040.0,False,artifacts\checkpoints\empirical_real_calibrations\4a137cf6bb3b83f3\85fea9a15e405ab5c65ee83109d79f9989e35308a0051af6addb209aace9b150.json,89.40020889999869,True,CONVERGENCE: RELATIVE REDUCTION OF F <= FACTR*EPSMCH,2.004270620430202,,19.84,LOW
2022-12-01,LOCKED_TEST,PM,cross_sectional,M00_BS_FLAT,12,29.21830814779149,21.159862946950025,25.92280805350666,0.0,,,,,,,,,,,,,,19.84,LOW
2022-12-01,LOCKED_TEST,PM,cross_sectional_reference,M01_MARKET_IV_REFERENCE,12,0.40687217217144184,0.23981756122216757,0.19746886933491276,1.0,,,,,,,,,,,,,"same-quote supplied implied volatility; diagnostic reference, not a fit claim",19.84,LOW
2022-12-01,LOCKED_TEST,PM,cross_sectional,M02_SVI,12,0.5674083344623401,0.392048334328861,1.1158306740424442,0.6666666666666666,,,,,,,,,,,,,,19.84,LOW
2022-12-01,LOCKED_TEST,PM,cross_sectional,M03_SSVI,12,7.149039558702965,4.3433658270511435,14.254115655400705,0.08333333333333333,,,,,,,,,,,,,,19.84,LOW
2022-12-02,LOCKED_TEST,PM,cross_sectional,M10_HESTON,12,0.7280678166913646,0.5264696341787458,3.1633138572102553,0.3333333333333333,89.32352089999767,O01,C04,unconstrained,5.0,20263041.0,False,artifacts\checkpoints\empirical_real_calibrations\4a137cf6bb3b83f3\a04aa8203ceb389d6a3b06eac91ea6509abf5fe4771bc68000f62109e2880528.json,89.32352089999767,True,CONVERGENCE: RELATIVE REDUCTION OF F <= FACTR*EPSMCH,2.401403091036577,,19.06,LOW
2022-12-02,LOCKED_TEST,PM,cross_sectional,M00_BS_FLAT,12,32.34221357374499,22.358588793277097,36.13414237059296,0.08333333333333333,,,,,,,,,,,,,,19.06,LOW
2022-12-02,LOCKED_TEST,PM,cross_sectional_reference,M01_MARKET_IV_REFERENCE,12,0.34488813887601794,0.20492196231067847,0.18231019747618024,1.0,,,,,,,,,,,,,"same-quote supplied implied volatility; diagnostic reference, not a fit claim",19.06,LOW
2022-12-02,LOCKED_TEST,PM,cross_sectional,M02_SVI,12,0.5119457836568951,0.35333100475352747,1.3945051714077745,0.5,,,,,,,,,,,,,,19.06,LOW
2022-12-02,LOCKED_TEST,PM,cross_sectional,M03_SSVI,12,7.0015347823354634,4.466804313706561,16.465411960142593,0.08333333333333333,,,,,,,,,,,,,,19.06,LOW
2022-12-05,LOCKED_TEST,PM,cross_sectional,M10_HESTON,12,0.6974924840485163,0.47122189453474733,2.2798618781002036,0.4166666666666667,54.230165699998906,O01,C04,unconstrained,5.0,20263042.0,False,artifacts\checkpoints\empirical_real_calibrations\4a137cf6bb3b83f3\5001271717ba96743c38e537d99efa274ca892e7999f32553fcc1169b2fb8f16.json,54.230165699998906,True,CONVERGENCE: RELATIVE REDUCTION OF F <= FACTR*EPSMCH,1.4889458404474991,,20.75,MEDIUM
2022-12-05,LOCKED_TEST,PM,cross_sectional,M00_BS_FLAT,12,37.00131645952818,24.45899653363236,26.115678905158845,0.0,,,,,,,,,,,,,,20.75,MEDIUM
2022-12-05,LOCKED_TEST,PM,cross_sectional_reference,M01_MARKET_IV_REFERENCE,12,0.35149756618617584,0.19860804235512475,0.17180432142626448,1.0,,,,,,,,,,,,,"same-quote supplied implied volatility; diagnostic reference, not a fit claim",20.75,MEDIUM
2022-12-05,LOCKED_TEST,PM,cross_sectional,M02_SVI,12,0.4877076594858419,0.325901609328856,1.1442666938692199,0.6666666666666666,,,,,,,,,,,,,,20.75,MEDIUM
2022-12-05,LOCKED_TEST,PM,cross_sectional,M03_SSVI,12,5.163047048673783,3.1508100357930613,10.979159171870872,0.08333333333333333,,,,,,,,,,,,,,20.75,MEDIUM
2022-12-06,LOCKED_TEST,PM,cross_sectional,M10_HESTON,12,0.9124436909298203,0.6904757897506296,1.8672606465902535,0.25,42.56769820000045,O01,C04,unconstrained,5.0,20263043.0,False,artifacts\checkpoints\empirical_real_calibrations\4a137cf6bb3b83f3\c9dcf9c2012bb2749a378f9fef43d685643a63a13e6dcf3a7582ab12342e519d.json,42.56769820000045,True,CONVERGENCE: RELATIVE REDUCTION OF F <= FACTR*EPSMCH,1.0496992655346853,,22.17,MEDIUM
2022-12-06,LOCKED_TEST,PM,cross_sectional,M00_BS_FLAT,12,28.83149505744166,19.283717158488134,17.193853211001425,0.0,,,,,,,,,,,,,,22.17,MEDIUM
2022-12-06,LOCKED_TEST,PM,cross_sectional_reference,M01_MARKET_IV_REFERENCE,12,0.23053251337004782,0.13755284132959297,0.10828689940842881,1.0,,,,,,,,,,,,,"same-quote supplied implied volatility; diagnostic reference, not a fit claim",22.17,MEDIUM
2022-12-06,LOCKED_TEST,PM,cross_sectional,M02_SVI,12,0.5779755647985608,0.4222633966503529,1.581856178774822,0.6666666666666666,,,,,,,,,,,,,,22.17,MEDIUM
2022-12-06,LOCKED_TEST,PM,cross_sectional,M03_SSVI,12,4.180755800858099,2.738556949302611,7.514605252112175,0.25,,,,,,,,,,,,,,22.17,MEDIUM
2022-12-07,LOCKED_TEST,PM,cross_sectional,M10_HESTON,12,1.1698366925091281,0.9138694731840681,3.3886157057075788,0.16666666666666666,34.22961019999639,O01,C04,unconstrained,5.0,20263044.0,False,artifacts\checkpoints\empirical_real_calibrations\4a137cf6bb3b83f3\78fd16578ac208ac05f2e977c8744bc1799d7589072af780daa7dc4ac6f27018.json,34.22961019999639,True,CONVERGENCE: RELATIVE REDUCTION OF F <= FACTR*EPSMCH,2.4403488082079394,,22.68,MEDIUM
2022-12-07,LOCKED_TEST,PM,cross_sectional,M00_BS_FLAT,12,34.948915313758384,21.428439206706116,26.34476287576768,0.0,,,,,,,,,,,,,,22.68,MEDIUM
2022-12-07,LOCKED_TEST,PM,cross_sectional_reference,M01_MARKET_IV_REFERENCE,12,0.40523040434850605,0.22774276785541536,0.18373066803813565,1.0,,,,,,,,,,,,,"same-quote supplied implied volatility; diagnostic reference, not a fit claim",22.68,MEDIUM
2022-12-07,LOCKED_TEST,PM,cross_sectional,M02_SVI,12,1.0053856461959068,0.7417472117234042,2.6277347088825054,0.4166666666666667,,,,,,,,,,,,,,22.68,MEDIUM
2022-12-07,LOCKED_TEST,PM,cross_sectional,M03_SSVI,12,3.4947217576680782,2.0226603961829945,6.239051563556972,0.3333333333333333,,,,,,,,,,,,,,22.68,MEDIUM
2022-12-08,LOCKED_TEST,PM,cross_sectional,M10_HESTON,12,1.420218180743801,1.0916201730381776,2.640660008137508,0.16666666666666666,33.776273700001184,O01,C04,unconstrained,5.0,20263045.0,False,artifacts\checkpoints\empirical_real_calibrations\4a137cf6bb3b83f3\1e2edfa41cc68f666f5e12b657ab9ad0b2ae277a1105620a6bcb9ced8cbb3eff.json,33.776273700001184,True,CONVERGENCE: RELATIVE REDUCTION OF F <= FACTR*EPSMCH,1.9883458198181774,,22.29,MEDIUM
2022-12-08,LOCKED_TEST,PM,cross_sectional,M00_BS_FLAT,12,37.988690131339446,23.180684450219204,23.423326536406954,0.0,,,,,,,,,,,,,,22.29,MEDIUM
2022-12-08,LOCKED_TEST,PM,cross_sectional_reference,M01_MARKET_IV_REFERENCE,12,0.35873760305696895,0.20922376261245948,0.16007326234281452,1.0,,,,,,,,,,,,,"same-quote supplied implied volatility; diagnostic reference, not a fit claim",22.29,MEDIUM
2022-12-08,LOCKED_TEST,PM,cross_sectional,M02_SVI,12,0.8894062549657302,0.6935024486650817,2.728424938129729,0.5833333333333334,,,,,,,,,,,,,,22.29,MEDIUM
2022-12-08,LOCKED_TEST,PM,cross_sectional,M03_SSVI,12,4.755627647220538,2.962033517706421,8.073212648354561,0.16666666666666666,,,,,,,,,,,,,,22.29,MEDIUM
2022-12-09,LOCKED_TEST,PM,cross_sectional,M10_HESTON,12,1.4575378430249475,0.9874055756355081,2.7344261607216347,0.25,35.44911709999724,O01,C04,unconstrained,5.0,20263046.0,False,artifacts\checkpoints\empirical_real_calibrations\4a137cf6bb3b83f3\f138d30dbf5a793655acf08d7aa044ef4dadbac603a90a02bba56b2b3388f94b.json,35.44911709999724,True,CONVERGENCE: RELATIVE REDUCTION OF F <= FACTR*EPSMCH,1.8449252929013185,,22.83,MEDIUM
2022-12-09,LOCKED_TEST,PM,cross_sectional,M00_BS_FLAT,12,40.86756204639302,24.540100184176143,26.393278474688877,0.0,,,,,,,,,,,,,,22.83,MEDIUM
2022-12-09,LOCKED_TEST,PM,cross_sectional_reference,M01_MARKET_IV_REFERENCE,12,0.3288034157087054,0.1891941020043204,0.14149863670594912,1.0,,,,,,,,,,,,,"same-quote supplied implied volatility; diagnostic reference, not a fit claim",22.83,MEDIUM
2022-12-09,LOCKED_TEST,PM,cross_sectional,M02_SVI,12,0.8988346924659161,0.5820332053730383,3.7920731317007936,0.6666666666666666,,,,,,,,,,,,,,22.83,MEDIUM
2022-12-09,LOCKED_TEST,PM,cross_sectional,M03_SSVI,12,4.481491086955669,2.8862155531830638,17.483629169084896,0.3333333333333333,,,,,,,,,,,,,,22.83,MEDIUM
2022-12-13,LOCKED_TEST,PM,cross_sectional,M10_HESTON,12,0.7354677955819602,0.5753207581000367,1.5860170186743858,0.5833333333333334,78.31553750000603,O01,C04,unconstrained,5.0,20263049.0,False,artifacts\checkpoints\empirical_real_calibrations\4a137cf6bb3b83f3\7320c8e0cf73c96a2f6b3e5f6be25fa72264832a971e3d8e38c8ea79f3a657ec.json,78.31553750000603,True,CONVERGENCE: RELATIVE REDUCTION OF F <= FACTR*EPSMCH,0.8647525206819681,,22.55,MEDIUM
2022-12-13,LOCKED_TEST,PM,cross_sectional,M00_BS_FLAT,12,28.115539154886893,18.76959761117467,11.815071393486168,0.16666666666666666,,,,,,,,,,,,,,22.55,MEDIUM
2022-12-13,LOCKED_TEST,PM,cross_sectional_reference,M01_MARKET_IV_REFERENCE,12,0.257993202399326,0.14862239527119325,0.06741918006932443,1.0,,,,,,,,,,,,,"same-quote supplied implied volatility; diagnostic reference, not a fit claim",22.55,MEDIUM
2022-12-13,LOCKED_TEST,PM,cross_sectional,M02_SVI,12,0.5169799072133041,0.3573654534666166,0.5256062151284876,0.75,,,,,,,,,,,,,,22.55,MEDIUM
2022-12-13,LOCKED_TEST,PM,cross_sectional,M03_SSVI,12,6.994126415532103,5.059537384471712,15.715870884450045,0.08333333333333333,,,,,,,,,,,,,,22.55,MEDIUM
2022-12-14,LOCKED_TEST,PM,cross_sectional,M10_HESTON,12,0.5267530216661436,0.4400218804143016,2.1540989783530415,0.5833333333333334,88.08984760000021,O01,C04,unconstrained,5.0,20263050.0,False,artifacts\checkpoints\empirical_real_calibrations\4a137cf6bb3b83f3\dbf7cb8fd95ec529510b51e08f82d5ba4388fb2520221047c2b39d1574eb5627.json,88.08984760000021,True,CONVERGENCE: RELATIVE REDUCTION OF F <= FACTR*EPSMCH,1.2949721301122148,,21.14,MEDIUM
2022-12-14,LOCKED_TEST,PM,cross_sectional,M00_BS_FLAT,12,26.95192161136938,19.209896106639253,11.151748581671143,0.0,,,,,,,,,,,,,,21.14,MEDIUM
2022-12-14,LOCKED_TEST,PM,cross_sectional_reference,M01_MARKET_IV_REFERENCE,12,0.34475392429999374,0.20057798060896193,0.07878251429417375,1.0,,,,,,,,,,,,,"same-quote supplied implied volatility; diagnostic reference, not a fit claim",21.14,MEDIUM
2022-12-14,LOCKED_TEST,PM,cross_sectional,M02_SVI,12,0.5577673586921975,0.3666038873886109,0.3855674539152286,0.8333333333333334,,,,,,,,,,,,,,21.14,MEDIUM
2022-12-14,LOCKED_TEST,PM,cross_sectional,M03_SSVI,12,6.8479141666461745,4.773707247876437,12.55852817629767,0.25,,,,,,,,,,,,,,21.14,MEDIUM
2022-12-15,LOCKED_TEST,PM,cross_sectional,M10_HESTON,12,0.7353448199106207,0.647890001453154,3.1054283816947734,0.5,71.83804670000245,O01,C04,unconstrained,5.0,20263051.0,False,artifacts\checkpoints\empirical_real_calibrations\4a137cf6bb3b83f3\32afe0c1a304c66d8da6755cad8c3643aa091d4b06dd70ce3db789e865765c32.json,71.83804670000245,True,CONVERGENCE: RELATIVE REDUCTION OF F <= FACTR*EPSMCH,1.9123141280670932,,22.83,MEDIUM
2022-12-15,LOCKED_TEST,PM,cross_sectional,M00_BS_FLAT,12,28.63810540147332,19.470651156606234,12.717814620119755,0.0,,,,,,,,,,,,,,22.83,MEDIUM
2022-12-15,LOCKED_TEST,PM,cross_sectional_reference,M01_MARKET_IV_REFERENCE,12,0.4096868354825224,0.2331103263184542,0.12410159683394333,1.0,,,,,,,,,,,,,"same-quote supplied implied volatility; diagnostic reference, not a fit claim",22.83,MEDIUM
2022-12-15,LOCKED_TEST,PM,cross_sectional,M02_SVI,12,0.7347638853603846,0.4889204802190534,0.7300398002546595,0.75,,,,,,,,,,,,,,22.83,MEDIUM
2022-12-15,LOCKED_TEST,PM,cross_sectional,M03_SSVI,12,4.396616287130212,2.953461437489888,11.179529820718084,0.3333333333333333,,,,,,,,,,,,,,22.83,MEDIUM
2022-12-16,LOCKED_TEST,PM,cross_sectional,M10_HESTON,12,0.8670971936052708,0.6582682668840297,3.13536281290156,0.25,67.35189499999979,O01,C04,unconstrained,5.0,20263052.0,False,artifacts\checkpoints\empirical_real_calibrations\4a137cf6bb3b83f3\64d20e2473a12476f11a71d8bf56468d525a765f7eaacbed5a04a9f80e933886.json,67.35189499999979,True,CONVERGENCE: RELATIVE REDUCTION OF F <= FACTR*EPSMCH,2.1442470316852713,,22.62,MEDIUM
2022-12-16,LOCKED_TEST,PM,cross_sectional,M00_BS_FLAT,12,27.0087903560411,18.546552878253603,17.90737693311529,0.0,,,,,,,,,,,,,,22.62,MEDIUM
2022-12-16,LOCKED_TEST,PM,cross_sectional_reference,M01_MARKET_IV_REFERENCE,12,0.31423091965141253,0.1831006706787778,0.12319621135886433,1.0,,,,,,,,,,,,,"same-quote supplied implied volatility; diagnostic reference, not a fit claim",22.62,MEDIUM
2022-12-16,LOCKED_TEST,PM,cross_sectional,M02_SVI,12,0.8143911096660696,0.5828116798165642,1.803565987100836,0.5833333333333334,,,,,,,,,,,,,,22.62,MEDIUM
2022-12-16,LOCKED_TEST,PM,cross_sectional,M03_SSVI,12,2.775985783488525,1.9354046962022133,13.063116240465078,0.3333333333333333,,,,,,,,,,,,,,22.62,MEDIUM
2022-12-19,LOCKED_TEST,PM,cross_sectional,M10_HESTON,12,1.0847362100883196,0.8623024106659133,3.4524231975624478,0.16666666666666666,67.35690980000072,O01,C04,unconstrained,5.0,20263053.0,False,artifacts\checkpoints\empirical_real_calibrations\4a137cf6bb3b83f3\c67d52001ea2e5915bf8c97a5bad5d29f406ff369671b1b369fc15220b9188fb.json,67.35690980000072,True,CONVERGENCE: RELATIVE REDUCTION OF F <= FACTR*EPSMCH,2.541408746698281,,22.42,MEDIUM
2022-12-19,LOCKED_TEST,PM,cross_sectional,M00_BS_FLAT,12,34.595076498167,21.336286119732794,20.224313885136997,0.16666666666666666,,,,,,,,,,,,,,22.42,MEDIUM
2022-12-19,LOCKED_TEST,PM,cross_sectional_reference,M01_MARKET_IV_REFERENCE,12,0.3038255696357067,0.18103967243475283,0.13633177479607397,1.0,,,,,,,,,,,,,"same-quote supplied implied volatility; diagnostic reference, not a fit claim",22.42,MEDIUM
2022-12-19,LOCKED_TEST,PM,cross_sectional,M02_SVI,12,0.746745244507606,0.5238430036505023,1.0552280997231849,0.5,,,,,,,,,,,,,,22.42,MEDIUM
2022-12-19,LOCKED_TEST,PM,cross_sectional,M03_SSVI,12,3.2254205623957715,2.2718011474269137,8.168535944347438,0.3333333333333333,,,,,,,,,,,,,,22.42,MEDIUM
2022-12-20,LOCKED_TEST,PM,cross_sectional,M10_HESTON,12,0.7020863862989466,0.5709169897591335,2.8923541979483156,0.4166666666666667,73.56891980000364,O01,C04,unconstrained,5.0,20263054.0,False,artifacts\checkpoints\empirical_real_calibrations\4a137cf6bb3b83f3\652ea210c780b798b41d7db4f64c7d89088d9d6ad84a424838f12f696cbcafa3.json,73.56891980000364,True,CONVERGENCE: RELATIVE REDUCTION OF F <= FACTR*EPSMCH,2.020033425390643,,21.48,MEDIUM
2022-12-20,LOCKED_TEST,PM,cross_sectional,M00_BS_FLAT,12,37.17115864456285,25.568411157615326,21.123256427725252,0.0,,,,,,,,,,,,,,21.48,MEDIUM
2022-12-20,LOCKED_TEST,PM,cross_sectional_reference,M01_MARKET_IV_REFERENCE,12,0.4765685351851242,0.28614038085132915,0.16435325949487722,1.0,,,,,,,,,,,,,"same-quote supplied implied volatility; diagnostic reference, not a fit claim",21.48,MEDIUM
2022-12-20,LOCKED_TEST,PM,cross_sectional,M02_SVI,12,0.6504226592426482,0.39711592496736414,0.9152752776966827,0.5833333333333334,,,,,,,,,,,,,,21.48,MEDIUM
2022-12-20,LOCKED_TEST,PM,cross_sectional,M03_SSVI,12,3.3406602097791733,2.3025049803570026,6.935463267545431,0.25,,,,,,,,,,,,,,21.48,MEDIUM
2022-12-21,LOCKED_TEST,PM,cross_sectional,M10_HESTON,12,0.9180910847551998,0.6841884723240103,2.9684742473993375,0.4166666666666667,73.95603569999366,O01,C04,unconstrained,5.0,20263055.0,False,artifacts\checkpoints\empirical_real_calibrations\4a137cf6bb3b83f3\a7089fff2b84c712b80f6a8d4040c848c1331b7615e8e1f4456145dfe71c4daa.json,73.95603569999366,True,CONVERGENCE: RELATIVE REDUCTION OF F <= FACTR*EPSMCH,2.2816788466456033,,20.07,MEDIUM
2022-12-21,LOCKED_TEST,PM,cross_sectional,M00_BS_FLAT,12,34.735041686515885,24.438018260480373,22.431085467055624,0.0,,,,,,,,,,,,,,20.07,MEDIUM
2022-12-21,LOCKED_TEST,PM,cross_sectional_reference,M01_MARKET_IV_REFERENCE,12,0.505486135797444,0.3062218610513064,0.1594452589392365,1.0,,,,,,,,,,,,,"same-quote supplied implied volatility; diagnostic reference, not a fit claim",20.07,MEDIUM
2022-12-21,LOCKED_TEST,PM,cross_sectional,M02_SVI,12,0.6700239843575614,0.3919812463599684,0.905206542120002,0.75,,,,,,,,,,,,,,20.07,MEDIUM
2022-12-21,LOCKED_TEST,PM,cross_sectional,M03_SSVI,12,5.8609328032373815,3.8897175373726878,13.270250215463907,0.08333333333333333,,,,,,,,,,,,,,20.07,MEDIUM
2022-12-22,LOCKED_TEST,PM,cross_sectional,M10_HESTON,12,1.199057153934865,0.9303766188130762,2.7438502264168534,0.3333333333333333,34.8201981999955,O01,C04,unconstrained,5.0,20263056.0,False,artifacts\checkpoints\empirical_real_calibrations\4a137cf6bb3b83f3\493e4939233786ea797ddc4406c9d65800efd24017b69d529b4ca1097097ab8d.json,34.8201981999955,True,CONVERGENCE: RELATIVE REDUCTION OF F <= FACTR*EPSMCH,1.8351852091586622,,21.97,MEDIUM
2022-12-22,LOCKED_TEST,PM,cross_sectional,M00_BS_FLAT,12,31.706542248234516,21.48176546340797,16.46668324429395,0.0,,,,,,,,,,,,,,21.97,MEDIUM
2022-12-22,LOCKED_TEST,PM,cross_sectional_reference,M01_MARKET_IV_REFERENCE,12,0.22430882977660707,0.13486356295965024,0.05993317435696821,1.0,,,,,,,,,,,,,"same-quote supplied implied volatility; diagnostic reference, not a fit claim",21.97,MEDIUM
2022-12-22,LOCKED_TEST,PM,cross_sectional,M02_SVI,12,0.6520348201708794,0.4817992695167986,1.3091439398115,0.5833333333333334,,,,,,,,,,,,,,21.97,MEDIUM
2022-12-22,LOCKED_TEST,PM,cross_sectional,M03_SSVI,12,3.6386589967803102,2.5501603705451594,6.699315187559219,0.16666666666666666,,,,,,,,,,,,,,21.97,MEDIUM
2022-12-23,LOCKED_TEST,PM,cross_sectional,M10_HESTON,12,0.9552917745244918,0.7109169313494953,2.8030523833282617,0.5833333333333334,31.81036309999763,O01,C04,unconstrained,5.0,20263057.0,False,artifacts\checkpoints\empirical_real_calibrations\4a137cf6bb3b83f3\893485e8c40016fe66cb8211e60c1fce3e47b8bb430b1a2fd078155000ff1c5b.json,31.81036309999763,True,CONVERGENCE: RELATIVE REDUCTION OF F <= FACTR*EPSMCH,2.076250721542778,,20.87,MEDIUM
2022-12-23,LOCKED_TEST,PM,cross_sectional,M00_BS_FLAT,12,25.979196100660293,18.819652832924398,24.168711093450856,0.0,,,,,,,,,,,,,,20.87,MEDIUM
2022-12-23,LOCKED_TEST,PM,cross_sectional_reference,M01_MARKET_IV_REFERENCE,12,0.4974330469128397,0.29636070048120994,0.126779247224197,1.0,,,,,,,,,,,,,"same-quote supplied implied volatility; diagnostic reference, not a fit claim",20.87,MEDIUM
2022-12-23,LOCKED_TEST,PM,cross_sectional,M02_SVI,12,0.7790031490486301,0.4971664863158831,1.1310310000725643,0.6666666666666666,,,,,,,,,,,,,,20.87,MEDIUM
2022-12-23,LOCKED_TEST,PM,cross_sectional,M03_SSVI,12,3.276938380123606,2.0318308414840316,8.330378145534162,0.3333333333333333,,,,,,,,,,,,,,20.87,MEDIUM
2022-12-27,LOCKED_TEST,PM,cross_sectional,M10_HESTON,12,0.8572589940734101,0.5952960247888331,2.2715164680486217,0.5,67.07875430000422,O01,C04,unconstrained,5.0,20263058.0,False,artifacts\checkpoints\empirical_real_calibrations\4a137cf6bb3b83f3\800e2c4d440d48ed3029bb8b85473cff7afffa78893ff012c8353184229a6f45.json,67.07875430000422,True,CONVERGENCE: RELATIVE REDUCTION OF F <= FACTR*EPSMCH,1.4399391310222989,,21.65,MEDIUM
2022-12-27,LOCKED_TEST,PM,cross_sectional,M00_BS_FLAT,12,40.98967605588167,28.07927863289549,22.50571113873293,0.0,,,,,,,,,,,,,,21.65,MEDIUM
2022-12-27,LOCKED_TEST,PM,cross_sectional_reference,M01_MARKET_IV_REFERENCE,12,0.5276470774344907,0.3127471896040069,0.1693301489857157,1.0,,,,,,,,,,,,,"same-quote supplied implied volatility; diagnostic reference, not a fit claim",21.65,MEDIUM
2022-12-27,LOCKED_TEST,PM,cross_sectional,M02_SVI,12,0.7823198917212557,0.47765754473882877,1.3343354832826955,0.5,,,,,,,,,,,,,,21.65,MEDIUM
2022-12-27,LOCKED_TEST,PM,cross_sectional,M03_SSVI,12,3.527768449535425,2.0033172106733717,5.029070514000384,0.16666666666666666,,,,,,,,,,,,,,21.65,MEDIUM
2022-12-28,LOCKED_TEST,PM,cross_sectional,M10_HESTON,12,1.1522940031411617,0.6969724731320129,1.6930392417705398,0.3333333333333333,67.77723210000113,O01,C04,unconstrained,5.0,20263059.0,False,artifacts\checkpoints\empirical_real_calibrations\4a137cf6bb3b83f3\a6b2d2bcdc2951c486c57d8d362c9c789f16a3ae3efc487bb7abfe5d69f851a7.json,67.77723210000113,True,CONVERGENCE: RELATIVE REDUCTION OF F <= FACTR*EPSMCH,0.9970431876161981,,22.14,MEDIUM
2022-12-28,LOCKED_TEST,PM,cross_sectional,M00_BS_FLAT,12,38.66736800385539,25.80610680540246,17.2887371197902,0.0,,,,,,,,,,,,,,22.14,MEDIUM
2022-12-28,LOCKED_TEST,PM,cross_sectional_reference,M01_MARKET_IV_REFERENCE,12,0.5244658131984752,0.30957459368604123,0.16753592920555233,1.0,,,,,,,,,,,,,"same-quote supplied implied volatility; diagnostic reference, not a fit claim",22.14,MEDIUM
2022-12-28,LOCKED_TEST,PM,cross_sectional,M02_SVI,12,0.8918043187750639,0.5268830943793916,0.8388528527288327,0.5833333333333334,,,,,,,,,,,,,,22.14,MEDIUM
2022-12-28,LOCKED_TEST,PM,cross_sectional,M03_SSVI,12,1.9309284294394173,0.9689160936914147,2.630679600065649,0.4166666666666667,,,,,,,,,,,,,,22.14,MEDIUM
